,word,label,vector
Limousine,Limousine,red,"[array([ 7.2474e-01, -4.2223e-01,  3.6947e-01, -5.7603e-01,  1.3397e+00,
       -8.3243e-02,  1.2696e-01, -2.8094e-01,  2.9626e-01,  1.5826e+00,
       -1.0054e-01,  2.2724e-01,  3.6537e-01,  3.1517e-01, -6.6794e-01,
       -5.9588e-01, -1.3425e-01,  4.2159e-01,  3.0319e-01, -5.8773e-01,
       -2.3312e-01, -5.8216e-01, -3.1292e-01,  1.4146e-01, -5.3915e-01,
        3.3470e-01, -1.9244e-01,  2.5701e-02,  2.5578e-02, -3.8815e-01,
        7.3489e-01, -3.3770e-01, -2.9560e-01,  7.5970e-01,  1.0127e-01,
        9.1440e-03,  3.0717e-01, -3.5569e-02, -2.8344e-01,  3.8857e-01,
        1.6852e-01, -1.3547e-01, -5.5897e-01,  6.5171e-01,  4.7884e-01,
        8.4415e-02,  5.0404e-01, -1.8774e-01,  3.6875e-01,  1.6626e-01,
       -1.2768e-01, -1.2370e-01, -2.6522e-01,  2.6866e-01, -2.6300e-01,
       -5.4858e-02,  8.6626e-01,  6.8523e-02, -1.7792e-01, -1.1446e-01,
        4.4714e-01, -1.2100e-01,  3.0009e-01, -2.9528e-01, -1.6861e-01,
        7.3371e-01, -5.0408e-01,  7.4756e-02,  1.1940e-01, -1.6066e-01,
       -6.3981e-01,  2.5555e-01,  2.2803e-01,  1.7043e-01, -4.8354e-01,
       -1.1508e-02,  2.8390e-01,  1.2949e-01,  1.7864e-01,  3.8859e-01,
       -3.1048e-02,  7.7351e-01,  1.7236e-01,  2.9791e-02,  2.0427e-02,
        5.4797e-01,  4.6019e-01,  9.7813e-01, -4.1562e-01, -8.2685e-01,
        2.0195e-01,  1.2862e-01,  3.4276e-01, -5.9811e-01, -1.2522e-01,
        4.7460e-01, -2.4152e-01,  3.2371e-01, -2.6302e-02,  1.0201e-01,
        1.2013e-01,  6.3758e-01,  3.7710e-01, -4.6461e-01, -2.4788e-02,
       -5.2108e-01,  3.9250e-01,  1.2446e-01, -7.1588e-02, -1.1496e-01,
       -5.3252e-01,  7.2035e-02,  1.3638e+00,  4.1118e-01,  4.3765e-01,
       -5.1479e-01,  5.9026e-01, -2.0814e-01, -2.4782e-01, -7.9385e-02,
       -3.7183e-01,  1.7368e-01,  6.7509e-03,  5.9107e-01, -5.2828e-01,
        1.8153e-01,  4.0577e-02, -3.2660e-01, -6.8860e-01,  2.4233e-01,
       -2.2307e-04, -6.4098e-01, -4.8524e-01, -3.2924e-01, -5.6635e-01,
       -6.5748e-01, -2.1991e-01, -2.8656e-01,  9.1036e-03,  2.0415e-01,
       -5.2134e-01, -4.8693e-01,  3.7115e-01,  5.0585e-01, -1.4908e-01,
       -4.7304e-01, -2.3468e-01, -3.4242e-01,  3.7044e-01,  3.4447e-01,
        1.3830e-01,  1.9943e-01,  2.5392e-01, -5.1750e-01,  1.6914e-01,
        4.1561e-01,  6.5668e-01,  9.3116e-02,  8.9579e-02,  7.2990e-01,
       -4.6606e-01,  1.9940e-01, -2.0362e-01,  4.4671e-01,  1.2468e+00,
       -3.4278e-01, -5.7619e-01, -1.9558e-02,  3.3553e-01, -2.4787e-01,
       -4.8110e-01,  4.2571e-01, -5.2237e-01,  2.2781e-01,  2.2308e-01,
       -6.3685e-01, -5.3463e-01, -3.6879e-01, -1.7587e-01,  6.2796e-01,
       -2.7130e-01, -1.2485e-01,  2.1494e-02,  1.1138e-01,  2.4618e-01,
       -1.4139e-01,  2.0483e-01,  4.5221e-01, -8.7484e-02,  6.8148e-01,
        3.1961e-01,  1.7021e-01,  1.5895e-01, -5.0570e-02, -3.3784e-01,
       -4.3737e-01,  1.3451e-01,  2.2124e-01, -2.8049e-01, -1.8308e-01,
        1.1087e-01, -6.7847e-01, -5.2537e-01, -7.9377e-01,  2.6762e-01,
       -1.8141e-01,  1.7104e-01,  1.0557e-01,  5.0083e-03,  2.0960e-02,
       -6.1255e-01,  4.7574e-01, -2.5679e-01,  4.3628e-01,  6.0157e-01,
        3.3372e-01, -2.1978e-01,  1.5457e-01,  4.9598e-01, -1.7063e-01,
        2.4831e-01, -6.6858e-01, -4.3867e-01,  5.3971e-01, -7.8683e-02,
        2.4978e-01,  1.8770e-02,  3.8971e-01, -2.3909e-01,  1.8206e-01,
        3.5969e-01, -4.4327e-01,  1.1298e-01, -4.5424e-01, -4.3726e-01,
        8.4436e-01,  6.1710e-02, -3.2566e-01, -3.8239e-01,  5.4838e-01,
        1.6833e-01,  1.8462e-01,  3.4998e-01,  4.0708e-01, -5.6731e-01,
       -4.9235e-02, -1.3390e-01, -1.8810e-01, -7.3566e-01, -1.0067e+00,
       -4.9516e-02, -2.0462e-02,  4.7813e-01, -3.4032e-02, -4.5951e-01,
        1.0845e-01,  2.2652e-01, -8.8280e-01,  3.0832e-01,  2.1314e-01,
        8.7352e-02,  5.1711e-01, -1.3106e-01, -4.8127e-01, -3.1281e-01,
       -1.0018e-01, -3.1731e-01,  4.5402e-01, -3.9125e-01,  2.6652e-01,
       -6.0553e-01,  5.1650e-01,  1.0716e+00,  1.9955e-01,  3.8492e-01,
        5.8281e-01,  3.3412e-01,  2.5172e-02,  9.8519e-01, -3.0662e-01,
       -4.6420e-01, -8.1590e-01,  4.9934e-01,  4.8570e-01,  3.0629e-01,
        2.3637e-01, -2.5256e-01, -4.2982e-01,  2.3557e-01,  3.9076e-01,
       -3.1506e-01, -4.0140e-01,  4.2171e-01, -3.7916e-01,  9.7982e-02,
       -5.2483e-01, -3.5227e-01, -3.9041e-01,  3.4654e-01, -3.0879e-02],
      dtype=float32)]"
Church,Church,red,"[array([ 1.3554e-01,  1.4034e-01,  6.2015e-02, -1.1385e-01,  3.6395e-01,
        4.5019e-02,  1.4626e-01,  7.7361e-01,  3.1155e-01,  3.7629e+00,
       -5.6492e-01, -1.8287e-01,  5.5954e-01, -2.0382e-01, -3.8546e-01,
        4.4692e-01, -1.5340e-01,  1.1821e+00,  3.5953e-01,  5.4075e-01,
        5.9789e-01, -7.5037e-01,  3.7701e-01,  2.9186e-01,  5.2347e-01,
        3.1494e-01, -6.6494e-01,  2.2601e-01, -1.7569e-02,  2.7807e-01,
        2.9402e-01,  2.0173e-01,  3.9884e-01, -2.5723e-01,  7.6479e-02,
        3.9456e-01, -1.2404e-01, -4.5224e-01,  5.1532e-02,  6.5686e-01,
        3.2405e-01, -6.1254e-02, -1.7028e-01,  3.1562e-01,  3.2898e-03,
        1.8774e-01,  3.4840e-01, -6.6067e-01, -2.3603e-01, -2.5615e-01,
       -8.1238e-02, -2.7557e-01, -1.9007e-01,  2.7190e-01,  4.6605e-01,
       -8.6565e-01,  1.6183e-01,  5.9737e-02,  3.5804e-01, -7.9936e-02,
       -3.8781e-01,  4.1709e-01,  3.1960e-01, -1.5611e-01, -2.2377e-01,
       -2.6612e-02, -3.4292e-01, -1.3571e-02, -4.2207e-01,  9.7762e-03,
       -6.5227e-01,  3.0502e-01, -2.4839e-01, -1.8753e-01,  4.4362e-01,
        2.9364e-01,  3.7416e-02,  2.6506e-01, -3.3383e-01,  1.5609e-01,
        5.7725e-01,  1.3263e-01,  1.4463e-01,  1.6327e-01,  1.5991e-01,
        3.1050e-01,  2.7022e-01, -6.2629e-01, -1.1062e-01, -2.9185e-01,
        1.0723e-01,  2.2677e-01,  3.2133e-01, -3.0352e-01,  7.0917e-01,
        6.0824e-01,  2.0569e-01,  9.1163e-02,  1.9315e-01, -5.7859e-01,
       -1.3905e-01, -4.6202e-01,  5.5722e-01, -1.6189e-01, -4.1871e-01,
       -6.2271e-01,  1.6289e-01,  1.6492e-01, -6.6737e-01, -5.6222e-01,
        1.9810e-01,  4.5990e-01,  5.2808e-02, -1.2253e-01,  4.9278e-01,
       -1.9830e-01, -2.5108e-01, -1.1696e-01, -7.8851e-01,  4.9844e-01,
        3.3200e-02, -1.0019e-01,  2.5121e-01,  7.1110e-01,  1.0797e-01,
       -3.3019e-01,  1.8747e-01, -8.8365e-01,  6.5904e-01,  1.4388e-01,
       -2.1151e-01,  4.8616e-01, -2.7263e-01,  3.5184e-02, -2.5240e-01,
        1.8080e-01,  1.7214e-01, -5.3775e-02, -1.7904e-01, -4.6157e-01,
       -1.1051e+00,  4.0272e-02, -2.0461e-01,  1.0938e-01, -2.4784e-01,
        7.4945e-01,  1.2230e-01, -4.3161e-01, -4.3025e-01, -7.1309e-01,
       -2.5893e-01,  8.0992e-02, -2.1083e-02, -6.2063e-02, -1.2723e-01,
        1.5372e-01,  1.3249e-01, -6.4807e-01, -2.5025e-02, -6.1179e-01,
       -6.3437e-02, -1.2454e-01, -2.9179e-01,  3.5502e-01,  2.5730e-01,
        1.5200e-01, -2.2857e-01,  5.4172e-01,  1.0041e-01,  5.6437e-01,
        1.1100e-01,  5.8394e-01,  3.9376e-01,  5.0272e-01, -2.1722e-01,
       -3.1131e-02, -1.8718e-01,  4.7859e-01,  2.9804e-01, -1.6519e-01,
        1.4251e-01,  3.3226e-02, -2.1910e-01, -2.4200e-01, -4.6217e-01,
        3.0792e-01, -5.2336e-02, -1.5305e-01,  7.7180e-01, -2.7478e-01,
       -4.4861e-01, -7.6161e-02,  2.6024e-01,  2.2744e-02, -2.2419e-02,
        2.6828e-01, -6.1486e-01, -3.2618e-01,  4.8234e-01,  4.3673e-01,
        1.7239e-01,  2.7254e-01, -5.6738e-02, -5.1162e-01,  1.2086e-01,
       -2.1066e-01, -2.2376e-01, -1.9855e-01, -6.3219e-02, -2.3893e-01,
       -2.6874e-01,  6.1169e-01,  1.4961e-01,  1.5215e-01,  3.8489e-02,
       -2.7302e-02,  5.3180e-02, -3.2157e-01, -3.6567e-01,  1.3817e-01,
        1.3468e-01, -4.9096e-01, -7.6334e-02,  4.1738e-01, -6.9641e-03,
        1.9096e-01, -6.1726e-01, -1.2368e-01, -5.7936e-01,  8.9461e-02,
        1.1092e-01,  4.1154e-01, -4.5317e-02,  9.2210e-02,  6.1256e-01,
       -3.9260e-01, -2.9604e-01, -2.5727e-01, -5.5497e-01, -3.7695e-01,
       -5.0532e-01,  3.4357e-02,  2.2304e-01, -3.8822e-01, -3.9715e-02,
       -8.8442e-02,  6.6718e-01,  5.7976e-02,  1.3138e-01, -6.7392e-01,
        1.9168e-01,  5.2930e-01, -1.1567e-01,  1.7888e-02,  4.0468e-01,
        4.8240e-01, -4.9007e-02, -3.6271e-01, -1.9590e-01,  7.7984e-01,
        3.6089e-01, -1.7596e-01,  4.2518e-01,  2.5986e-01,  4.5311e-01,
       -1.1340e-01, -6.7413e-02, -5.0513e-01, -7.4834e-01,  2.6195e-01,
       -6.2590e-01, -2.3658e-01, -1.5395e-01, -3.0210e-01, -1.3888e-01,
       -4.1813e-01,  4.0439e-01, -8.9808e-02, -4.3341e-01,  5.2740e-02,
       -1.7398e-01, -7.9371e-03,  1.7763e-01, -1.2089e-01, -6.8403e-01,
        6.5125e-01,  2.4086e-01,  9.4899e-02, -2.6025e-01, -4.5474e-01,
       -1.2682e-01, -2.6678e-01,  3.3256e-01,  3.9484e-01, -5.5668e-01,
        1.4844e-01,  3.1852e-01,  6.8756e-01, -3.2178e-01, -2.1780e-01],
      dtype=float32)]"
Water,Water,red,"[array([-3.6665e-02,  2.0106e-01,  2.8510e-01, -4.3246e-01, -3.9545e-01,
        3.0987e-01, -7.9159e-01,  4.1187e-01, -3.3271e-01,  1.9379e+00,
       -6.1917e-01, -1.9816e-01,  1.3055e-01, -1.6503e-01, -6.2101e-01,
        1.3309e-02, -2.9613e-01,  2.3431e+00, -6.2299e-01, -2.1075e-01,
        2.5922e-01,  3.9819e-02, -3.5368e-01, -2.4054e-01,  1.8503e-01,
       -2.8281e-01,  9.1869e-02,  2.0203e-01,  2.5665e-01, -2.1350e-01,
       -1.6991e-01, -1.5173e-01, -3.3541e-01, -6.4444e-01,  1.6339e-01,
       -2.7155e-01,  5.4039e-01, -3.2857e-01,  4.7726e-01, -1.3705e-01,
        4.7238e-02, -2.5229e-01,  9.9208e-02, -1.6887e-01, -2.5823e-01,
        1.4962e-01, -6.7940e-01,  1.9638e-02, -1.0920e-01, -1.4687e-01,
        4.0982e-01,  4.6903e-01,  7.4614e-02,  4.4393e-01, -5.5369e-02,
       -5.6503e-01,  2.1197e-01, -1.2935e-01,  1.4031e-01,  6.4158e-01,
        2.8903e-01, -2.2638e-01,  2.4099e-01,  4.3298e-01, -5.2761e-01,
       -4.2839e-02, -4.3374e-01, -1.9068e-01, -5.3757e-01, -1.0470e-01,
       -4.8181e-01,  5.8251e-01,  2.6624e-01, -5.1268e-01, -1.3023e-01,
        2.8806e-01, -3.3605e-01,  4.9754e-01,  2.9968e-01, -7.3096e-01,
        2.3977e-01,  1.7858e-01, -4.0493e-01, -7.2200e-02, -3.2426e-01,
       -6.3478e-01,  5.3628e-01,  1.0066e+00, -3.5409e-01,  7.2775e-01,
       -2.2701e-02, -4.3700e-01, -9.8996e-02, -1.4660e-01,  6.4749e-02,
       -8.0984e-01, -9.8738e-03, -1.2653e-01,  5.7375e-02, -1.8718e-01,
        2.8084e-01,  6.8107e-02, -8.0090e-01, -2.2960e-02, -4.0845e-01,
       -1.4583e+00, -7.8040e-02, -1.3897e-01, -2.6018e-01, -8.5785e-01,
        1.3829e-01, -5.3882e-01, -5.5413e-01, -1.9553e-01,  2.7652e-01,
       -3.0186e-01,  2.9493e-01,  2.4467e-01,  7.5190e-02,  5.0151e-01,
       -1.5831e-01, -2.3487e-01, -3.7287e-01, -8.5027e-01, -4.9534e-02,
       -1.3192e-01, -3.8348e-01, -4.1931e-02,  1.7169e-01, -1.6503e-01,
       -2.4795e-01, -4.3618e-01,  1.6425e-01, -1.7560e-02,  2.8267e-01,
        6.4302e-01,  1.2798e-01,  7.5033e-02,  6.1581e-01,  1.5125e-01,
       -1.3475e+00,  3.3380e-01,  6.1358e-01,  3.8683e-01,  3.6597e-01,
        9.5193e-02, -3.5098e-01,  5.5837e-02, -8.0567e-02,  1.4829e-01,
        4.5927e-02,  2.7409e-01,  2.3304e-01,  4.2742e-01, -5.8813e-01,
       -4.5260e-01, -6.5998e-02,  7.6931e-01, -7.7444e-02,  3.0605e-01,
        4.0982e-01, -1.4389e-01, -2.4193e-01,  7.7352e-01,  4.2992e-01,
        3.8604e-03, -1.7445e-01, -3.7388e-01, -4.2349e-02,  5.4897e-01,
       -2.1122e-01, -2.6920e-01,  5.3854e-02, -3.9542e-01, -2.6183e-01,
       -6.7689e-02, -1.0091e-01,  2.0720e-01,  3.0407e-01, -3.0235e-01,
       -1.2474e-01, -3.2774e-01, -3.1567e-01, -1.7201e-01,  4.3191e-01,
       -5.7361e-01,  1.5542e-01,  1.1111e-01, -2.9748e-01, -4.3406e-01,
       -2.3315e-01,  1.2856e-04, -2.1736e-01, -2.2883e-03,  2.0208e-01,
        7.2397e-01,  2.2167e-01,  5.1293e-01, -2.2676e-01,  5.0753e-02,
        6.2123e-02,  6.2281e-01, -1.4516e-01,  4.6907e-01,  2.1518e-01,
        3.4214e-01,  4.4307e-01,  5.0663e-01,  5.7701e-01, -1.7533e-01,
       -3.8675e-01, -3.9262e-01,  4.0508e-01, -4.6347e-01,  9.6403e-02,
       -4.7639e-02,  1.2498e-01, -2.7788e-02, -2.2073e-01,  1.6350e-01,
       -2.9113e-01,  2.8889e-01,  5.9691e-01,  2.6679e-01,  1.1291e-01,
       -3.5082e-01,  1.9529e-02,  1.2104e-01, -6.7880e-01,  1.9679e-01,
        5.8624e-01, -3.4332e-01,  4.0507e-01,  1.1253e-01,  2.7961e-02,
        2.9478e-01,  5.0234e-01, -9.2297e-02, -1.1831e-01, -2.5222e-01,
       -3.5615e-01, -2.0947e-01,  2.2789e-01, -2.9294e-01, -1.6879e-01,
        2.0061e-01, -3.0139e-01, -6.3424e-01, -7.0012e-02,  2.3786e-01,
       -2.5329e-01, -4.0892e-01, -1.2847e-01,  7.3232e-02,  2.4609e-01,
        1.0516e+00,  4.0224e-02, -1.5712e-01,  4.1256e-02, -2.8097e-01,
        3.8165e-01,  1.2886e-01,  1.5026e-01, -3.6046e-01,  6.2247e-01,
       -3.1683e-01, -2.0912e-01,  3.4379e-01, -1.0679e-01, -5.9462e-02,
        6.0003e-01, -8.3553e-02, -1.4807e-01,  1.0901e-01,  1.8346e-01,
       -7.6626e-02,  9.5484e-03, -2.5222e-02, -3.4752e-01,  1.5121e-01,
       -9.0765e-03, -3.1087e-01, -4.1102e-01,  3.0245e-01, -3.7265e-01,
        1.7909e-01,  7.4924e-01, -7.6798e-02, -1.6339e-01,  1.9804e-01,
       -2.4857e-01, -4.6994e-01,  2.3321e-01, -6.9223e-01, -1.2801e-01,
        4.6070e-01, -5.6677e-01, -3.4485e-01,  1.6798e-01, -1.6952e-01],
      dtype=float32)]"
Gold,Gold,chosen,"[array([-1.9140e-01, -7.1784e-02,  4.9133e-01,  2.1924e-01, -1.5227e-01,
       -4.1885e-01, -1.5643e-02, -1.3133e-01, -4.6671e-01,  1.4846e+00,
       -5.4597e-01, -2.6525e-01,  6.4074e-01, -1.0065e-01,  8.2549e-01,
       -2.7165e-01,  1.0220e-01,  1.5139e+00, -7.1276e-02, -3.9695e-01,
        2.8444e-01, -2.4974e-01, -2.5262e-01, -5.5885e-01, -1.3782e-01,
        1.0003e-01,  5.9343e-02,  2.7292e-01, -4.5149e-01,  3.1552e-01,
       -4.6274e-01, -1.0079e-01,  4.2756e-01,  7.7212e-02, -1.8375e-01,
       -6.7547e-01,  4.5902e-01, -5.0890e-01,  8.3544e-01,  2.0627e-01,
        4.7060e-02,  5.4251e-01,  6.6573e-01, -7.7310e-01,  1.3013e+00,
       -4.6937e-01,  3.9686e-02, -4.6208e-01,  2.4292e-01, -2.6870e-01,
       -1.7660e-01,  6.0788e-01, -1.3447e-01, -5.6040e-02,  5.6556e-01,
        1.5908e-01, -7.7136e-01,  1.2400e-02, -2.3463e-01, -1.3738e-01,
       -1.3710e-01, -6.4679e-01,  8.7458e-02,  7.4438e-02, -3.2940e-01,
       -1.3547e-02,  7.5329e-01,  1.5656e-01, -3.8866e-01,  4.1626e-01,
       -3.7663e-01,  6.7741e-02, -3.3868e-01, -2.1891e-01, -3.0762e-01,
        6.7090e-01,  3.4082e-01,  7.0254e-02, -2.9606e-01, -1.0725e-01,
        1.2627e-01,  4.8662e-01,  2.5201e-02,  4.3847e-01, -2.8175e-01,
       -5.8337e-02,  9.3992e-01,  1.0188e+00, -4.6151e-01,  1.3245e-01,
        7.1730e-01, -3.8982e-01, -1.0561e-02,  6.4132e-02,  4.1107e-02,
       -1.3373e-01,  3.5582e-02,  2.7201e-01, -3.2764e-01, -2.0131e-01,
        4.6908e-01,  4.5853e-01, -9.3696e-02, -7.6022e-01, -4.4564e-01,
       -6.0274e-01, -4.4419e-01,  3.8358e-01,  2.5861e-01,  5.1027e-01,
       -1.1695e-01, -2.1483e-01,  6.8750e-01,  3.0065e-01,  1.0052e-01,
        3.5042e-01, -8.9859e-02, -4.7507e-02,  2.1382e-01, -6.6142e-02,
       -5.2903e-02, -2.9883e-02,  1.7276e-02,  1.2653e-01, -4.3968e-02,
       -4.1526e-01,  5.8213e-02, -1.3104e-01,  2.1300e-01, -7.5296e-01,
        3.7591e-01,  3.7667e-01,  2.4523e-01, -4.2519e-01,  3.2487e-01,
       -2.8019e-01,  3.8907e-01, -3.5314e-01, -2.2375e-01,  2.5426e-01,
       -2.1478e+00,  8.6721e-02,  3.7690e-01, -2.0933e-01,  4.6624e-02,
       -7.5458e-02,  5.5999e-01,  4.5818e-02,  1.9593e-01, -1.1324e-01,
        6.0126e-01,  3.2463e-02,  1.8510e-01,  4.2029e-01, -4.5780e-01,
        1.2321e-01,  2.2380e-01,  5.1863e-01, -5.0780e-01,  3.8086e-01,
        4.6417e-01,  6.6375e-02,  5.8369e-02,  7.2840e-02,  6.6172e-02,
       -1.8478e-01,  1.5649e-01, -4.0342e-01, -2.9225e-02,  3.2383e-01,
       -5.9752e-01, -4.0893e-02, -3.7904e-01, -1.5219e-01, -4.3564e-01,
       -2.3020e-01,  5.3711e-01, -2.6617e-01,  5.1659e-01,  2.5538e-01,
        2.8363e-01,  1.9872e-01, -9.0808e-02, -3.5491e-01, -4.3754e-01,
        1.1735e-02, -3.0318e-01, -4.5553e-03,  4.3617e-02,  1.5865e-01,
        3.3729e-01, -6.7080e-01,  4.3162e-01, -3.1319e-01,  6.2970e-01,
        4.3360e-02, -2.8080e-01,  3.8398e-01, -1.2089e-01, -7.5308e-02,
       -2.0217e-01, -1.9726e-01, -2.8593e-01,  6.6830e-01, -2.0056e-02,
       -2.4587e-01,  5.5622e-01, -2.5047e-01, -1.1790e-01, -1.8735e-01,
        5.4724e-01,  5.1178e-01, -2.5580e-01, -3.1086e-01,  3.2949e-02,
        2.0071e-01, -6.7669e-01, -1.6778e-01, -8.0256e-02,  5.2986e-01,
       -1.0748e+00,  4.7903e-01, -8.5408e-01, -2.1452e-01, -3.8468e-01,
        2.8930e-02,  1.2731e-01,  5.7903e-01, -2.1027e-01,  4.4152e-01,
        3.4938e-01,  2.1205e-01, -3.0406e-02,  8.2028e-01, -9.4052e-02,
        1.7597e-01,  1.6620e-01,  8.1583e-01, -3.5539e-01, -1.2369e-03,
        6.4918e-02, -1.1837e-01, -4.1564e-01, -3.3644e-02,  4.9196e-01,
       -6.8231e-01,  6.0071e-02,  3.6964e-01, -2.4179e-01,  3.6959e-02,
        6.3750e-01, -1.2186e-01,  1.2380e-02, -2.8365e-01, -3.3630e-01,
        3.1942e-01,  4.7352e-01,  4.6446e-01, -3.2262e-01,  6.0604e-01,
        4.4482e-01,  5.2056e-01, -1.7672e-01,  5.8831e-01, -4.7799e-01,
       -2.2084e-01,  3.2028e-01, -2.8339e-01, -1.1278e-01,  8.3733e-02,
       -4.6429e-01,  2.7810e-01,  2.7728e-01,  3.2070e-01,  1.8762e-01,
       -7.8867e-02,  3.1576e-02, -1.0070e-01, -1.9038e-02, -4.4918e-01,
       -4.9322e-01, -1.8490e-01, -3.2349e-03, -4.1594e-01, -4.8958e-02,
        1.3296e-01, -8.3609e-01,  2.1817e-01, -1.3558e-01, -1.2544e-02,
       -9.2896e-01,  5.7847e-01,  4.1796e-01, -3.6287e-01,  3.9697e-01,
        4.3195e-01, -4.8777e-01, -5.8277e-01, -5.1528e-02,  5.9271e-01],
      dtype=float32)]"
Tooth,Tooth,red,"[array([ 0.12134  ,  0.16476  , -0.11555  , -0.079056 , -0.039571 ,
       -0.46051  ,  0.11197  , -0.096429 , -0.10155  ,  1.0388   ,
        0.15057  , -0.098559 , -0.24626  ,  0.54608  ,  0.42045  ,
        0.38563  , -0.36497  ,  1.9528   ,  0.080518 ,  0.39023  ,
       -0.039456 , -0.067627 , -0.22635  , -0.47724  ,  0.19342  ,
       -0.38245  ,  0.23352  , -0.29808  , -0.19121  , -0.090195 ,
        0.07233  , -0.56865  ,  0.22083  , -0.51218  ,  0.6029   ,
        0.37956  ,  0.0087545, -0.076815 ,  0.4271   ,  0.37268  ,
       -0.16485  ,  0.65016  , -0.29741  , -0.45981  ,  0.21147  ,
        0.37716  , -0.73099  , -0.60285  , -0.22881  , -0.49009  ,
        0.47019  ,  0.22312  ,  0.14202  , -0.13087  ,  0.060786 ,
       -0.0070866, -0.52717  ,  0.60722  ,  0.7937   ,  0.16358  ,
       -0.33739  ,  0.050065 ,  0.10923  ,  0.66452  ,  0.25985  ,
       -0.30192  , -0.0096073, -0.022658 ,  0.013859 , -0.24529  ,
       -0.06624  , -0.060199 ,  0.014629 , -0.16987  ,  0.28081  ,
        0.29895  ,  0.19698  , -0.087008 ,  0.59879  , -0.34492  ,
       -0.19098  ,  0.46017  , -0.20237  , -0.016125 ,  0.023778 ,
       -0.4085   ,  1.2311   ,  0.6684   ,  0.063353 ,  0.20589  ,
        0.61383  ,  0.47766  , -0.25343  ,  0.058131 , -0.25176  ,
        0.24779  ,  0.40067  , -0.68304  , -0.032724 , -0.67783  ,
        0.098467 , -0.41163  ,  0.22885  , -0.32278  , -0.42922  ,
       -1.2535   ,  0.048956 , -0.29995  ,  0.54305  ,  0.39969  ,
       -0.8905   ,  0.45081  ,  0.19938  ,  0.20882  , -0.42916  ,
       -0.12709  , -0.064566 , -0.46807  , -0.24101  , -0.26959  ,
        0.28723  ,  0.23306  ,  0.68545  , -0.072407 , -0.12875  ,
        0.22318  ,  0.20576  , -0.22329  , -0.41669  ,  0.38934  ,
        0.019922 , -0.90233  , -0.002754 ,  0.26141  ,  0.26294  ,
        0.10179  , -0.28042  ,  0.21714  , -0.077596 , -0.64344  ,
       -1.6126   ,  0.47476  ,  0.19055  ,  0.0098295, -0.085239 ,
       -0.33834  , -0.6351   , -0.13204  , -0.12958  , -0.095346 ,
       -0.071286 , -0.1092   , -0.28721  ,  0.042656 ,  0.15404  ,
        0.42045  ,  0.0080576,  0.23315  ,  0.0084179,  0.22692  ,
        0.33689  , -0.047351 ,  0.038284 , -0.44506  ,  0.30582  ,
        0.22064  ,  0.62579  ,  0.37262  , -0.19573  , -0.13452  ,
        0.21751  , -0.53457  , -0.33432  ,  0.12908  , -0.31996  ,
        0.47952  , -0.28347  , -0.35463  ,  0.48175  ,  0.046063 ,
       -0.7564   , -0.37547  , -0.44244  ,  0.3968   , -0.02259  ,
        0.11734  ,  0.68892  ,  0.10165  , -0.26833  ,  0.3088   ,
       -0.16074  , -0.155    , -0.41097  ,  0.63979  , -0.94076  ,
       -0.051156 ,  0.11444  , -0.27265  , -0.090872 , -0.30298  ,
       -0.93221  , -0.32747  , -0.6186   , -0.38329  , -0.031832 ,
        0.30928  , -0.28927  ,  0.39543  ,  0.16033  ,  0.5148   ,
       -0.28419  ,  0.82429  , -0.41064  , -0.42481  ,  0.11953  ,
       -0.50394  , -0.17191  ,  0.22548  ,  0.17598  ,  0.010281 ,
        0.46187  , -0.50467  , -0.37815  , -0.023746 , -0.36894  ,
       -0.091196 ,  0.14357  ,  0.34963  ,  0.17244  , -0.28997  ,
       -0.068843 , -0.41493  ,  0.43845  ,  0.32913  , -0.44836  ,
        0.23262  , -0.17773  ,  0.16767  ,  0.079784 , -0.10458  ,
       -0.14413  ,  0.07483  , -0.284    , -0.96296  , -0.30513  ,
       -0.37366  ,  0.063424 , -0.14684  , -0.96052  ,  0.05651  ,
        0.30282  ,  0.070058 ,  0.8944   , -0.098498 , -0.27313  ,
       -0.0027866, -0.33116  ,  0.52129  ,  0.89581  ,  0.3458   ,
       -0.34589  , -0.17924  , -0.11099  , -0.14497  ,  0.85122  ,
        0.45783  , -0.13178  , -0.34032  , -0.1184   , -0.016769 ,
        0.49005  ,  0.57869  , -0.58196  ,  0.68394  ,  0.45365  ,
       -0.0060726, -0.72024  ,  0.25037  , -0.55965  ,  0.18886  ,
       -0.17756  ,  0.51198  , -0.054676 , -0.55507  ,  0.28897  ,
       -0.25558  , -0.19404  , -0.097291 , -0.18756  , -0.12944  ,
       -0.42493  ,  0.17985  , -0.40564  ,  0.1584   ,  0.32438  ,
        0.62224  ,  0.17831  ,  0.37342  ,  0.25892  , -0.088636 ],
      dtype=float32)]"
Helicopter,Helicopter,red,"[array([ 0.11974  , -0.67124  ,  0.57372  , -0.14984  ,  0.19246  ,
        0.10489  , -0.38165  ,  0.074498 ,  0.43072  ,  1.6438   ,
       -0.032286 , -0.11841  , -0.055748 ,  0.3146   , -0.61467  ,
       -0.41461  , -0.29186  ,  0.82876  , -0.1451   , -0.35267  ,
        0.11426  ,  0.013791 , -0.40813  , -0.14821  , -0.13255  ,
        0.471    , -0.24025  , -0.087988 ,  0.34199  , -0.29377  ,
       -0.38355  , -0.022742 , -0.36887  ,  0.58651  , -0.10754  ,
       -0.17459  ,  0.27584  ,  0.078207 ,  0.21368  , -0.28961  ,
        0.54927  , -0.25527  ,  0.018089 ,  0.50352  ,  0.65807  ,
        0.016716 , -0.53556  ,  0.15157  ,  0.3422   ,  0.72787  ,
        0.0478   , -0.37016  ,  0.084685 ,  1.0131   , -0.83265  ,
       -0.03152  ,  0.49914  , -0.22412  ,  0.069963 ,  0.17754  ,
       -0.30724  ,  0.39665  ,  0.07802  ,  0.31156  ,  0.42706  ,
        0.30314  ,  0.2848   ,  0.20505  , -0.31262  , -0.47777  ,
       -0.53853  , -0.28706  , -0.48276  ,  0.48146  , -0.3333   ,
       -0.87209  ,  0.1506   ,  0.35822  , -0.10766  ,  0.36306  ,
        0.37589  , -0.33963  , -0.080651 ,  0.27791  ,  0.67785  ,
        0.4051   , -0.094138 ,  0.34322  , -0.23365  ,  0.29558  ,
        0.39049  ,  0.31078  , -0.32251  , -1.0111   , -0.54621  ,
       -0.18094  , -0.436    ,  0.30672  , -0.2553   ,  0.41104  ,
       -0.57331  ,  0.27141  ,  0.14105  , -0.10406  , -0.097753 ,
       -1.002    , -0.16158  , -0.16364  ,  0.065331 , -0.022025 ,
       -0.46207  , -0.35811  ,  0.17602  ,  0.3475   ,  0.94377  ,
        0.11687  ,  0.12631  ,  0.7557   , -0.18617  ,  0.2181   ,
        0.053215 ,  0.3832   ,  0.66357  , -0.6953   , -0.40322  ,
       -0.41774  , -0.20239  , -0.30018  , -0.07935  ,  0.059028 ,
        0.34196  , -0.21631  , -0.24328  , -0.2314   , -0.060078 ,
       -0.47605  , -0.23621  ,  0.15216  ,  0.13475  ,  0.16207  ,
       -1.3916   ,  0.23585  ,  0.21531  ,  0.34456  ,  0.62793  ,
        0.4577   , -0.50999  ,  0.6662   ,  0.97317  , -0.78689  ,
       -0.58287  ,  0.47175  , -0.54895  ,  0.62861  , -0.10844  ,
        0.21075  ,  0.079115 ,  0.67434  ,  0.14692  ,  0.14826  ,
        0.3489   , -0.13405  , -0.34973  ,  0.35735  ,  0.2465   ,
       -0.16919  , -0.90853  , -0.010227 ,  0.68065  ,  0.37258  ,
        0.27123  ,  0.37797  ,  0.23866  , -0.1178   ,  0.83799  ,
        0.13742  ,  0.1075   , -0.31507  ,  0.24124  ,  0.48357  ,
       -0.2069   , -0.12282  ,  0.1578   , -0.15193  ,  0.18009  ,
       -0.43129  ,  0.5      ,  0.33572  , -0.05821  ,  0.27669  ,
        0.25261  ,  0.31935  ,  0.20521  , -0.63334  , -0.89639  ,
       -0.33936  ,  0.37152  , -0.37429  , -0.30741  , -0.10697  ,
       -0.61126  , -0.11574  ,  0.41594  ,  0.47324  ,  0.040893 ,
       -0.12857  ,  0.027909 , -0.24569  ,  0.28576  ,  0.2834   ,
        0.41048  ,  0.042579 ,  0.33511  , -0.022283 ,  0.4633   ,
        0.23791  , -0.16881  ,  0.34002  , -0.036314 ,  0.1308   ,
        0.54243  , -0.21477  ,  0.37047  ,  0.49942  , -0.22969  ,
        0.099603 , -0.35638  ,  0.54187  , -0.055056 ,  0.51546  ,
        0.49616  , -0.15198  ,  0.49509  , -0.46893  ,  0.4588   ,
        0.031411 , -0.28793  ,  0.70021  ,  0.19357  ,  0.48422  ,
       -0.22731  ,  0.43328  ,  0.54397  , -0.3219   ,  0.24619  ,
        0.04005  , -0.075138 ,  0.53305  ,  0.085347 , -0.27869  ,
        0.24451  ,  0.51606  ,  0.38457  , -0.083545 ,  0.11582  ,
       -0.31381  ,  0.5614   ,  0.0018138, -0.67647  , -0.61487  ,
        0.0030764, -0.134    ,  0.26314  , -0.9342   ,  0.31937  ,
       -0.44968  , -0.22637  ,  0.52448  , -0.36814  ,  0.25179  ,
        0.2582   ,  0.29652  ,  0.14726  , -0.064772 ,  0.21759  ,
        0.52174  ,  0.22911  , -0.090767 ,  0.45199  , -0.4294   ,
       -0.77018  , -0.40465  ,  0.38297  ,  0.34115  ,  0.32786  ,
       -0.15834  , -0.47469  ,  0.59065  , -0.25293  ,  0.11561  ,
        0.014808 , -0.14873  ,  0.063243 , -0.10573  , -0.41212  ,
       -0.3815   , -0.3217   ,  0.34532  ,  0.0091513, -0.20727  ],
      dtype=float32)]"
Tick,Tick,red,"[array([ 1.4278e-01,  3.7450e-02, -1.2114e-02, -9.2619e-02, -6.8041e-02,
        7.6876e-02,  3.3434e-03, -4.6397e-01,  1.6394e-01,  8.2974e-01,
       -1.1972e-01, -4.2346e-02,  4.7242e-01, -2.4562e-01,  4.0892e-01,
        2.7285e-01,  1.5515e-01,  1.0128e+00, -2.0160e-01, -1.0731e-03,
       -2.7039e-01,  7.3178e-01,  3.9734e-02, -4.0841e-01,  1.5657e-01,
       -3.9296e-01, -2.8749e-01,  5.9255e-02,  1.5894e-01, -1.2050e-01,
       -3.4427e-01,  1.4324e-01, -2.7605e-03,  2.1522e-01,  4.8912e-02,
        4.0422e-01,  8.2620e-02, -8.9100e-02, -2.4579e-01,  2.8671e-01,
       -2.6029e-01,  6.9017e-02, -2.6614e-01,  1.8879e-01,  3.9332e-01,
       -4.3706e-01, -5.5167e-02,  3.9396e-01,  2.8703e-01, -2.7395e-01,
        4.5739e-01, -2.0213e-01, -5.6522e-02,  1.2472e-02, -5.8269e-02,
        9.7996e-02, -1.2031e-01,  2.2765e-02,  5.8979e-01, -2.7704e-01,
       -4.8257e-02,  5.4849e-01, -2.3169e-01, -4.6872e-01,  2.0534e-01,
       -8.2935e-02, -5.5586e-02, -5.7065e-02,  7.4959e-02,  3.8142e-01,
       -9.3633e-03,  3.9215e-02,  1.1088e-01, -4.4256e-01,  8.9166e-02,
       -3.6096e-01,  3.8175e-01, -6.9886e-01, -1.9588e-01, -1.0783e-01,
        1.0195e-01, -4.3489e-02,  1.0241e-01,  2.5589e-01,  2.3874e-01,
       -9.9534e-02,  8.5238e-01,  5.5480e-01,  7.7873e-01,  4.3794e-01,
       -9.8326e-03,  1.2526e-01,  5.0434e-01, -2.4226e-01, -5.6921e-01,
       -2.4122e-01, -7.4016e-02,  6.9728e-02, -4.4716e-01,  3.4275e-01,
        3.3663e-02,  6.2960e-01,  6.2652e-01,  2.2688e-01,  3.2189e-01,
       -1.1393e+00,  5.3647e-02, -4.7352e-01, -2.0501e-01, -3.0856e-01,
        9.5561e-02,  3.1914e-01,  9.7653e-02,  8.6385e-02, -8.2392e-02,
        1.6210e-01, -3.8933e-01, -4.5914e-01, -1.6254e-01, -1.5488e-01,
       -2.5809e-01, -2.0517e-01,  4.1169e-02, -1.1742e-01, -2.7449e-01,
        5.6015e-01, -2.5950e-02, -3.2596e-02, -2.3929e-01, -7.2769e-02,
       -1.8803e-01,  2.4828e-01,  3.6990e-02,  3.6581e-01, -5.9130e-02,
       -3.6952e-01,  1.5211e-01,  4.6611e-01,  1.6757e-01, -4.1115e-01,
       -1.0098e+00, -1.6350e-01, -1.6831e-01,  3.6994e-02,  3.5349e-01,
       -1.9296e-01,  2.6709e-01,  5.1487e-01, -1.6308e-01,  2.8577e-02,
        2.6155e-01, -2.8452e-01,  4.0446e-01, -2.4841e-01, -3.6651e-01,
       -2.3671e-01,  1.6083e-01,  8.5672e-02,  1.1197e-01, -2.6989e-01,
       -4.7249e-02, -5.7177e-01,  1.2014e-02, -4.0567e-01,  3.4219e-01,
        3.4364e-01, -1.2074e-02, -8.3438e-02, -2.8511e-01, -8.6184e-01,
        2.2422e-01,  8.5160e-02, -3.5162e-01, -4.2782e-01,  1.7505e-01,
        1.8117e-01,  3.0326e-01, -2.6923e-01,  1.3561e-01,  3.6479e-01,
        4.7003e-01,  1.0596e-01,  3.0179e-01,  2.2954e-01, -9.3936e-02,
        5.6321e-03,  2.9325e-01, -3.9894e-01, -1.0211e-01, -1.4141e-01,
        2.5741e-01, -2.8443e-01, -3.1730e-01, -3.2642e-01,  3.6853e-01,
       -8.2142e-02, -8.7987e-02,  1.7319e-01,  9.2772e-01, -1.4671e-01,
       -4.4231e-01, -3.5288e-01, -7.1812e-01,  3.5033e-01,  3.7282e-01,
       -2.3840e-02,  2.7299e-01,  5.8795e-02, -5.2762e-02,  6.7895e-03,
        5.5772e-01,  1.4225e-01, -1.8025e-01,  2.3760e-01, -2.7939e-01,
       -4.4590e-01,  1.8407e-01, -3.5860e-02, -6.7325e-01,  3.0011e-02,
        1.9484e-01,  2.9707e-01,  3.9178e-01, -5.5032e-01, -1.4989e-01,
       -8.6546e-02,  2.5719e-02,  4.0914e-01,  3.0747e-01, -2.3299e-01,
        1.0903e-01, -7.2636e-02,  1.7979e-01,  4.8423e-01, -3.3826e-01,
        5.7715e-02, -2.3022e-01,  1.3566e-02,  3.7220e-02,  2.3325e-01,
       -4.8938e-01, -6.9809e-02,  3.4276e-01, -2.4945e-01, -4.0301e-01,
       -3.7296e-01,  2.7986e-01,  6.1882e-01,  2.1840e-01,  3.1879e-01,
       -2.0497e-01,  1.2735e-01, -1.4011e-02,  2.1393e-01, -2.3623e-01,
        3.3523e-01,  2.6968e-03, -3.4231e-01,  1.3059e-01,  1.4410e-01,
       -1.2914e-03, -1.6861e-01,  3.2562e-01, -6.6141e-01,  6.6488e-01,
        2.0493e-01, -2.5140e-02, -4.8495e-01,  6.5493e-01,  5.8501e-01,
        1.6396e-01, -3.9356e-01, -2.0997e-01,  1.3041e-01, -3.7631e-02,
       -2.3219e-02, -1.6750e-01,  2.8728e-01,  2.8597e-01,  3.6365e-01,
        5.2783e-02,  1.2833e-01, -3.5549e-01, -8.4117e-01, -1.8995e-02,
       -4.9077e-01,  2.6006e-01, -6.5660e-01, -3.4377e-02,  3.7110e-01,
       -4.5502e-01,  5.8127e-01, -3.2191e-01,  1.2362e-01,  1.0949e-01,
       -2.8339e-01,  6.6067e-02,  1.0011e-01,  5.7733e-02, -3.2654e-01],
      dtype=float32)]"
Ray,Ray,red,"[array([-4.3279e-01, -2.7694e-01,  8.1879e-02,  3.3051e-01,  2.6870e-01,
        3.4211e-01,  3.5079e-01, -6.8770e-02,  3.8726e-01,  2.7360e-01,
        5.3500e-01, -1.7197e-01, -1.7116e-01, -3.4556e-01, -3.9065e-01,
        4.8523e-01,  5.1306e-01,  1.6411e+00,  4.2672e-03, -6.3110e-01,
        1.1368e-01, -6.1384e-02, -5.6212e-01,  1.1293e-03, -4.4972e-01,
        4.1708e-01, -3.4648e-01,  1.7699e-01,  3.5769e-02,  4.0509e-01,
       -5.8309e-01, -1.9547e-01, -3.1514e-01,  6.4922e-01, -5.4126e-01,
       -1.3720e-01, -2.2024e-01,  3.0815e-01, -1.0758e-01, -1.7391e-01,
        6.4898e-01,  1.5466e-02, -1.2864e-01,  1.9701e-01, -4.9440e-02,
        3.2393e-01, -2.8610e-01,  1.6438e-01, -3.3321e-01,  2.5771e-02,
        3.6818e-01,  1.0973e-01,  7.4054e-02,  8.0896e-02, -2.0551e-01,
       -3.4326e-01, -1.3234e-01,  6.8183e-01,  6.5174e-03, -3.8341e-01,
       -4.3639e-02,  1.4844e-01,  6.7076e-01, -9.9936e-02, -1.4127e-01,
       -4.5856e-01,  1.1153e-01,  1.6577e-01, -4.9674e-02, -5.4304e-01,
        5.1926e-01, -8.7054e-01, -9.7216e-01,  7.6723e-02, -9.3623e-02,
       -5.8525e-01, -3.1208e-01,  1.7834e-01,  1.6786e-01,  3.8822e-01,
       -5.8398e-02, -2.9928e-01,  6.2772e-01,  6.2344e-01,  7.7983e-01,
       -8.6184e-01,  7.7889e-01,  1.1450e-01,  5.0984e-01, -3.5710e-01,
       -1.9017e-01,  2.1735e-01, -3.4458e-02, -2.6476e-01,  2.6209e-01,
       -5.9307e-02,  3.0753e-01,  2.4418e-01, -9.5210e-02,  1.4834e-01,
        4.6482e-01,  2.6962e-01,  2.2638e-01, -2.5562e-01,  1.0314e-01,
       -9.3945e-01,  3.9021e-01, -5.8370e-01, -5.8273e-01, -2.0916e-01,
        3.8893e-01,  1.9104e-01, -7.2628e-02, -4.9194e-01,  4.6350e-01,
        4.8658e-01,  4.0043e-01,  4.3695e-01, -3.3870e-01,  1.9174e-01,
       -1.8836e-01,  5.8606e-01,  3.4199e-02, -1.2998e-01,  2.2878e-01,
       -2.6208e-01,  7.4449e-02, -2.0171e-01, -5.2445e-02,  2.4011e-01,
       -2.9230e-02,  2.9472e-01,  3.0856e-01, -6.8427e-01,  2.7197e-01,
        1.3163e-01, -1.2722e-01, -8.5663e-03, -3.4321e-02, -1.7839e-01,
       -2.1279e+00,  3.3018e-01, -6.2028e-02,  4.2188e-01, -6.2176e-01,
       -6.8310e-03,  1.8476e-01,  1.8399e-01,  2.9376e-01, -5.0475e-01,
        1.2672e-01, -4.4426e-01,  3.1704e-01, -2.2621e-01, -6.4272e-01,
        2.7034e-02, -1.1730e-01,  7.4197e-01, -1.9762e-01,  3.8063e-01,
        7.8875e-01,  1.0865e-01, -2.1404e-01,  3.2568e-01,  3.2918e-01,
        3.4583e-01,  4.7191e-01,  4.6750e-01, -1.5618e-01,  7.9525e-01,
        4.5824e-02,  7.1171e-02, -3.0026e-01, -6.8295e-01,  8.9647e-02,
       -3.7161e-01, -1.3394e-02,  3.2815e-01, -3.2668e-01, -4.9918e-01,
       -5.3461e-01,  2.7609e-02, -6.4310e-02,  1.5243e-01,  5.1804e-02,
        4.9212e-01, -1.5999e-01,  1.3433e-01, -5.9241e-02, -3.0399e-01,
        2.8718e-02, -5.2748e-01, -3.3464e-01, -1.5168e-01, -3.9800e-02,
        1.8129e-01, -1.1979e-01,  4.6673e-02,  2.9949e-01, -1.4371e-01,
        5.7884e-02, -1.2530e-01,  2.3666e-01,  2.8073e-01,  1.1951e-01,
       -4.1163e-01, -1.2991e-01, -1.2365e-01,  1.1531e-01,  4.8268e-01,
       -2.9174e-01, -1.0155e-02,  1.5098e-01, -2.0254e-01, -1.2747e-01,
       -1.0395e+00, -7.9972e-02, -1.3430e-01, -1.8862e-01, -3.4971e-01,
       -1.4063e-01,  6.4043e-02, -2.1574e-01,  1.1328e-01,  5.7544e-03,
       -3.8470e-02, -6.0385e-01, -5.3608e-02,  1.1818e-01,  1.4966e-02,
       -4.7169e-01,  1.6027e-02,  1.3723e-01,  8.2127e-01, -4.5694e-01,
       -1.5728e-02, -2.4650e-01,  1.9620e-01, -4.6096e-01,  2.1296e-01,
       -8.7488e-02, -4.5560e-01,  4.9522e-01, -3.6689e-01, -4.5923e-01,
        1.6990e-01,  3.0237e-01,  1.1682e-01, -1.1214e+00, -5.5676e-01,
        2.5382e-01, -8.4010e-02,  2.1802e-01, -2.2483e-01,  2.2876e-01,
       -5.7691e-02,  3.3713e-01, -2.6966e-02, -1.9015e-01, -1.9902e-02,
       -2.5279e-01, -5.0246e-01, -5.4875e-01,  4.8608e-01, -2.1382e-01,
       -5.2438e-01,  1.5838e-01,  1.9042e-01, -3.5818e-01, -6.4347e-02,
       -3.2954e-01,  3.8052e-01,  2.2309e-01,  4.6244e-01,  1.7585e-01,
       -2.4835e-01, -4.3276e-01,  2.0185e-01, -6.0701e-01,  2.6228e-01,
        1.5553e-01, -2.5012e-02,  1.0634e-01,  1.9809e-01,  5.2831e-01,
       -4.6689e-01,  4.8626e-01, -5.4515e-02,  2.0656e-01, -3.5756e-01,
       -2.2724e-01, -1.4988e-01, -2.0774e-01,  2.3465e-01,  3.3842e-01,
       -3.2722e-02,  2.4349e-01, -9.2797e-03, -2.1461e-01,  1.9968e-01],
      dtype=float32)]"
Smuggler,Smuggler,blue,"[array([ 2.5908e-02, -3.8545e-01, -1.7160e-02,  4.2086e-01,  2.2645e-01,
        1.6545e-01, -4.1644e-01, -3.8624e-01,  1.2211e-01,  6.6503e-01,
        4.7860e-01, -4.7934e-01,  1.7424e-01, -1.7255e-01, -9.8918e-02,
       -6.8470e-02, -6.3190e-02, -1.8381e+00,  6.6497e-01, -2.4775e-01,
       -2.1233e-01, -2.4917e-01, -7.5408e-02,  2.0054e-01, -3.2335e-01,
       -5.8114e-01,  3.8075e-01, -7.5683e-02,  7.2739e-02,  1.1175e-01,
       -5.3465e-01, -1.7827e-01,  1.0692e-01, -3.7034e-02, -5.8928e-01,
       -1.0117e-01,  6.6118e-02, -4.2368e-01,  1.7293e-01,  5.7686e-02,
       -1.8595e-01, -2.6828e-01,  8.8239e-01, -8.5981e-01,  1.3017e-02,
       -7.3205e-01,  7.0558e-01, -2.6769e-01, -2.6174e-01,  1.0992e-01,
        3.0587e-01, -2.2415e-01,  6.1281e-01,  6.9407e-01,  1.1433e-01,
       -1.3470e-01, -7.4996e-02, -1.4998e-03,  2.3739e-02, -2.8168e-01,
        1.6513e-01, -5.2065e-01,  4.5140e-01,  1.8210e-01, -2.9380e-01,
        1.2091e-02, -1.9664e-01,  6.5643e-01, -1.3004e-01, -1.7057e-01,
       -4.8951e-01, -9.9829e-02, -7.5927e-02,  3.7697e-01, -8.7229e-01,
       -4.9979e-01, -4.6594e-01, -1.3740e-01, -2.6291e-01,  1.9672e-01,
        6.2297e-01, -9.8654e-02, -1.2375e-02, -3.3513e-01,  4.3209e-02,
        6.9919e-01,  6.7647e-01, -2.4016e-01, -7.5829e-01,  1.4822e-01,
        2.9894e-01, -6.5061e-02,  5.7358e-02, -6.0801e-01, -1.1109e-01,
       -3.4745e-01,  3.1564e-01, -6.6816e-01, -5.6231e-01,  2.3460e-01,
       -2.8318e-01,  1.8182e-01,  5.0452e-01, -3.3755e-01, -3.5768e-01,
       -1.2629e+00, -1.3194e-01, -5.0164e-02,  4.0571e-01,  7.2487e-02,
        3.0476e-01,  2.0468e-01,  3.0121e-01,  2.3891e-01,  4.7239e-01,
        6.0291e-01, -1.1158e-01,  9.2133e-02,  5.8281e-02, -2.9944e-01,
        7.4576e-02,  1.2679e-01,  4.3185e-01, -3.6408e-01,  3.7342e-01,
        2.9127e-01, -7.4943e-01, -3.9006e-01, -8.1660e-01,  1.8627e-01,
        6.2913e-02,  3.8465e-02, -1.0006e-01,  6.5564e-02,  2.8776e-01,
       -4.9370e-01, -2.4221e-01,  1.2366e-01,  1.0585e-01, -5.9248e-01,
       -1.0091e+00, -2.2432e-01,  1.9952e-01, -3.7863e-01, -4.0345e-01,
        2.6636e-01,  2.3634e-01, -5.0844e-01,  7.1620e-02, -2.8042e-01,
        2.0903e-01,  2.1550e-01, -5.1536e-01,  6.7929e-02,  6.9814e-01,
        5.5885e-02,  3.6030e-01,  8.8290e-02,  1.2235e-01,  2.0987e-01,
       -7.6878e-02, -3.0933e-01,  4.6351e-02,  7.9897e-01,  4.4732e-01,
        1.8156e-01,  3.3842e-01, -7.1748e-01,  8.3422e-01,  4.3910e-01,
        7.7301e-01,  1.2478e-01,  4.3651e-01,  4.6635e-01,  2.5237e-01,
        2.8396e-01, -9.5730e-02, -8.0706e-01,  1.2924e-01,  3.3442e-01,
       -5.5126e-02,  1.4638e-01, -4.0372e-01, -2.2778e-01, -1.2630e-01,
        4.1275e-01, -3.7854e-01,  2.0936e-01, -1.4918e-01,  2.9797e-01,
       -5.3296e-01,  1.4888e-01,  1.8931e-01,  1.6823e-01, -1.4507e-01,
       -4.4118e-01,  4.9544e-01,  1.7622e-01,  3.5844e-01, -4.8460e-02,
       -4.8792e-02, -2.0569e-01, -1.4684e-02,  2.7254e-01, -3.3210e-01,
        2.3316e-01,  2.7120e-01,  8.8550e-01, -7.4158e-01, -2.5799e-02,
        3.4270e-01, -5.0242e-01, -1.6904e-01,  2.5664e-01,  4.5806e-01,
       -6.5579e-01, -1.0671e-01,  7.2700e-01, -1.6031e-01, -4.6312e-02,
       -1.6869e-01,  7.0034e-01,  3.1346e-02, -4.4475e-02,  2.9731e-01,
        3.7825e-01,  3.2104e-01,  8.5871e-01, -3.3550e-01,  8.1564e-01,
       -3.2924e-02,  2.7860e-01, -2.3850e-01, -4.1132e-01,  8.0156e-02,
        1.0350e-01, -6.9027e-03,  6.4361e-01,  5.3219e-01, -4.1100e-02,
        1.4053e-01, -7.1902e-02,  1.1722e-01, -1.4398e-01,  4.2410e-01,
        7.8872e-01, -1.4571e-01,  2.7262e-01,  2.9238e-01,  2.3762e-01,
       -6.3199e-02, -5.1048e-02,  4.5003e-01,  4.9823e-01, -3.8357e-01,
        1.0576e-01,  1.2478e-01, -6.6212e-02, -3.8991e-02, -5.6847e-01,
       -5.2742e-02,  4.7778e-01,  1.4093e-01, -1.8962e-01, -3.2899e-01,
       -1.5306e-01,  3.2855e-02,  2.4517e-02, -3.0993e-01, -4.7428e-01,
        3.6151e-01,  1.5987e-01,  3.0578e-01,  7.4849e-02,  5.8595e-02,
        1.8572e-01, -2.2487e-01, -2.0175e-01,  4.0276e-01, -7.4978e-02,
       -8.9573e-03,  2.5896e-01,  5.1638e-01, -1.9930e-01,  8.1754e-01,
       -3.7097e-01,  2.3838e-01,  2.3201e-01, -1.8381e-01, -5.2972e-02,
        5.8293e-02, -1.9519e-01, -1.9945e-01, -3.9297e-02, -2.6080e-02,
        5.2702e-01,  1.8434e-01,  3.4985e-01, -2.6237e-01,  5.7863e-01],
      dtype=float32)]"
Round,Round,blue,"[array([ 1.1465e-01,  2.2147e-01, -1.0658e-01,  3.6894e-01,  1.5246e-01,
       -9.5256e-01,  9.9550e-02,  5.9234e-01, -1.6602e-01,  1.9216e+00,
       -2.1842e-02, -2.5945e-01,  4.0834e-01, -6.2852e-01,  1.8358e-01,
       -5.5910e-02, -3.5002e-01,  1.2399e+00,  7.0214e-01, -1.8511e-01,
        3.7329e-01,  9.4101e-03,  1.0768e-01,  9.5689e-02,  3.7685e-01,
       -3.3206e-01,  6.8533e-02,  1.8348e-01,  3.5758e-02, -2.0990e-01,
       -3.8600e-01, -1.8186e-01, -3.4448e-01, -1.9585e-01,  2.3546e-02,
       -5.2815e-01,  2.2547e-01, -4.9738e-03,  1.5733e-02, -4.1904e-01,
       -5.8337e-02,  6.6577e-01,  6.2003e-02, -3.9169e-01,  3.6033e-01,
       -3.1143e-01, -1.1775e-01,  1.8541e-01, -1.9637e-01, -1.0320e-01,
        7.4834e-02,  3.2544e-01, -2.7439e-01, -3.1371e-01, -2.0777e-01,
       -7.8142e-02,  1.4766e-01,  2.0411e-01, -1.0510e-01, -1.2608e-02,
       -2.1919e-01, -4.0007e-01, -3.0866e-02,  5.3857e-02, -2.0398e-01,
        2.9851e-01,  1.2890e-01,  7.4034e-02, -3.5897e-01,  2.2045e-01,
        6.7014e-01,  2.8101e-01,  3.9059e-01,  5.8540e-01, -2.6965e-01,
       -8.5491e-03,  2.7713e-02, -1.7190e-01, -4.6048e-01,  6.3151e-02,
        3.6519e-02,  8.5669e-02, -2.4339e-01,  4.8995e-01, -3.5983e-01,
        5.2277e-01,  5.6281e-01,  6.4305e-01,  1.4423e-01, -4.1040e-02,
        3.2484e-01, -8.9453e-02,  1.2722e-01,  1.6721e-02,  1.0752e-01,
       -9.9601e-02, -1.0848e-01, -7.4598e-03,  1.4143e-01,  3.6885e-01,
        4.0820e-01,  2.3294e-01, -6.4407e-04, -3.9241e-01, -2.3579e-01,
       -4.3831e-01,  1.8279e-01,  1.5446e-01,  2.3824e-01,  4.3304e-01,
        3.4567e-01, -8.4790e-01, -1.1738e-01,  3.4468e-01,  1.2490e-01,
       -3.3556e-02, -5.6015e-02,  1.8986e-01,  3.4567e-01, -7.3194e-02,
        1.0686e-01, -3.2281e-01,  1.3045e-01, -1.3936e-01, -6.1777e-02,
        7.0425e-02,  2.8225e-01,  2.9990e-01, -7.6675e-02, -8.3112e-02,
        2.2957e-01,  2.1208e-01,  5.7044e-01, -4.8038e-02, -1.0953e-02,
       -4.3458e-01,  4.3439e-01, -9.5379e-02,  2.9677e-01,  7.5137e-02,
       -1.9802e+00, -2.4970e-01,  2.4688e-02, -3.5593e-01,  9.1458e-02,
       -5.0323e-01, -1.7296e-01,  5.5591e-02,  3.4416e-01,  3.9889e-01,
       -3.3286e-01, -1.7845e-01,  2.2904e-01, -3.2558e-02, -4.6051e-01,
        1.7097e-01,  2.0654e-01,  2.2411e-01, -3.9871e-03, -3.0212e-01,
        2.1228e-02,  3.1760e-02, -4.5248e-01, -2.4874e-01, -3.8083e-02,
       -2.5900e-01,  2.9862e-01, -7.1872e-02, -9.0093e-02,  4.8491e-01,
       -7.9416e-02,  9.6987e-02, -5.1751e-01, -2.3075e-02, -9.1126e-02,
       -1.4250e-01,  4.4502e-01,  2.8338e-02,  3.6892e-01,  1.1037e-03,
       -1.7020e-01, -3.9736e-02, -2.1426e-01,  2.1856e-01, -1.4394e-01,
       -7.2783e-02, -8.9203e-02,  1.8666e-01, -4.4336e-02,  3.6316e-01,
        2.4292e-01,  5.3898e-02,  4.8968e-01,  1.1700e-01, -1.3014e-01,
        4.7404e-01, -5.5188e-01,  1.9274e-02, -4.4284e-01, -1.0283e-01,
        3.3310e-01, -3.7416e-01, -9.7149e-02,  4.3452e-01,  5.1599e-01,
        2.7092e-02, -1.7882e-01, -4.0431e-01, -3.8701e-01,  1.1193e-02,
       -3.1077e-01,  5.1187e-01,  4.3367e-01, -8.5713e-03, -2.1903e-01,
        4.2650e-01, -3.2737e-01, -3.1329e-01,  2.2569e-01,  3.1307e-01,
       -2.6662e-03, -4.3969e-01,  1.4854e-01,  6.8448e-02,  2.5382e-01,
       -8.5870e-02, -2.7547e-01,  3.2645e-01, -3.1384e-01,  6.3820e-01,
        4.0949e-01,  7.9974e-01, -8.1780e-02, -9.1221e-03, -3.1272e-01,
       -3.0532e-01, -2.4523e-01, -6.1164e-02, -2.5614e-01,  2.4200e-02,
        2.7591e-01,  2.9822e-01, -6.3950e-01,  4.4202e-01,  2.8608e-02,
        1.1067e-01, -8.4677e-02, -7.0684e-02, -2.4902e-01,  2.3277e-01,
        2.6101e-01, -6.1374e-01,  2.1084e-03, -3.9666e-01,  4.6996e-01,
        5.4720e-01,  3.3648e-01,  2.7094e-01, -2.4452e-01,  3.7455e-01,
        1.4176e-01,  1.3163e-01, -5.9291e-01, -6.5422e-04,  3.6858e-01,
        2.8121e-01, -7.4532e-01,  7.8957e-02, -3.9727e-01, -2.2742e-02,
        3.7277e-01, -3.2715e-01,  3.7975e-02, -1.0097e-01, -2.2292e-02,
        6.9463e-01,  2.3400e-01,  1.3371e-02,  7.6667e-02, -1.6623e-01,
        3.2261e-01, -1.6741e-01, -4.4708e-01, -2.5100e-01,  7.2840e-02,
       -5.6366e-01, -1.1665e-01,  8.0973e-02,  2.2622e-01,  1.4035e-02,
        6.9428e-01,  5.8395e-02, -2.1330e-01, -1.2044e-01,  3.6318e-02,
        4.1478e-01, -2.6607e-01, -1.5892e-01,  2.2890e-01,  4.0459e-01],
      dtype=float32)]"
Server,Server,blue,"[array([-8.5763e-02, -3.5810e-01,  8.3458e-02, -1.0897e-01,  9.0785e-03,
        4.5823e-01,  1.9015e-01, -4.5846e-01,  6.5435e-01,  7.4162e-01,
       -2.1295e-01, -7.8023e-01,  6.6784e-01,  2.2624e-01, -2.2234e-01,
        3.2550e-01,  1.6240e-01,  2.8333e+00, -3.7973e-01, -7.0509e-01,
       -3.3200e-01, -4.1492e-01,  8.0831e-03,  1.4097e-01, -1.6313e-01,
       -2.7612e-01, -1.0498e-01, -4.1393e-01, -1.4017e-01,  9.2324e-02,
       -8.5618e-01, -4.4183e-01,  6.4876e-01,  2.6736e-01, -2.6101e-01,
        1.7417e-01, -2.1553e-01, -6.3598e-02,  9.5413e-02, -1.9493e-01,
        1.0556e-01,  6.9774e-01,  1.3751e-01,  4.4930e-02, -2.0074e-01,
        2.5288e-01,  3.1824e-01, -1.8224e-01, -4.4136e-01,  8.3321e-02,
        2.4737e-01, -1.7282e-01,  6.9974e-02, -6.1708e-01, -3.8477e-01,
       -1.2954e-01, -8.1406e-01, -7.2952e-01,  2.1342e-01,  1.7099e-01,
        4.0137e-01,  2.2051e-01, -4.8329e-01, -5.4414e-01,  5.6211e-01,
        9.4591e-02,  3.3351e-01,  3.6384e-03, -2.5811e-01,  5.6805e-01,
        3.2233e-01,  3.5452e-01,  3.9292e-01, -6.7073e-01,  7.3952e-02,
        7.3786e-01,  5.1403e-01,  2.4934e-01, -5.5086e-01,  1.1415e+00,
       -4.7648e-01, -1.6334e-01,  4.3314e-01, -3.4422e-01, -5.4310e-01,
        6.9972e-01,  8.1455e-01, -2.6092e-01,  2.6058e-01,  1.9753e-02,
       -6.0865e-01, -3.4494e-01, -5.9978e-02,  8.8322e-02,  4.4359e-01,
        2.7785e-01, -1.8407e-01, -3.1572e-01, -1.0078e-01,  6.6882e-01,
       -1.7775e-01,  3.2806e-01,  2.5197e-01,  2.1781e-01, -2.3032e-01,
       -1.1035e+00,  1.1130e-01,  6.6222e-02,  1.4803e-01, -5.9290e-01,
       -2.0424e-01, -5.9194e-01,  4.3036e-02,  4.2686e-01,  1.5696e-02,
       -3.8922e-01,  1.8114e-01, -4.8768e-02, -8.6642e-01, -4.0358e-01,
       -2.4935e-01,  2.2651e-01, -1.2171e-01, -2.6104e-01, -6.2233e-02,
       -7.4889e-01,  4.4816e-01,  4.5666e-02,  9.3746e-02,  1.3920e-01,
        2.5222e-02,  7.2365e-01, -8.4688e-02, -5.4089e-01, -1.9216e-01,
       -5.9202e-01, -1.6381e-01, -2.3571e-01,  3.7140e-01,  4.1750e-01,
       -8.5618e-01, -2.4992e-01, -1.3921e-01,  1.6974e-01, -1.5363e-01,
        6.1796e-01,  2.3879e-01,  3.3395e-03, -4.4873e-01, -2.5085e-01,
        2.2011e-01,  4.4686e-01,  3.6618e-01,  3.9103e-01,  1.2859e-01,
        6.9589e-01, -5.8026e-02,  8.2907e-01,  2.2147e-01,  1.3964e-01,
       -2.9525e-01,  1.7873e-01,  3.7098e-01, -5.7959e-01, -2.0766e-01,
       -6.4046e-02, -1.6046e-01, -5.0246e-02, -5.8966e-01,  2.0145e-01,
       -2.0942e-01, -1.4209e-01, -4.1447e-02,  1.0887e-03, -4.8145e-01,
        5.1924e-01, -2.2628e-01, -4.2261e-01, -7.7168e-01,  2.3712e-01,
       -1.1811e-01, -7.4927e-01, -1.4785e-01, -1.9596e-01,  9.8805e-02,
        5.2718e-01, -1.2356e-01, -1.8339e-01, -4.8308e-01, -3.9622e-01,
       -3.4604e-01, -2.5259e-02, -4.0518e-01,  6.6167e-01,  1.9119e-01,
       -4.1888e-01, -7.5173e-02, -3.5600e-01, -1.5333e-02,  5.6846e-01,
        1.3063e-01, -1.9756e-01,  1.4952e-01,  9.2671e-03,  9.4958e-02,
        4.3395e-02, -1.9496e-01,  4.1581e-01,  9.4655e-02, -2.6553e-01,
       -2.3527e-01, -1.3660e+00, -5.9526e-01,  6.2940e-01, -2.4687e-01,
       -9.2274e-02, -1.6124e-01, -1.8043e-01, -1.0823e+00,  1.8201e-01,
       -4.0622e-01,  1.9936e-01, -2.0049e-01,  3.4028e-01, -4.5033e-02,
        9.3908e-02,  1.2055e+00,  1.3857e-02, -2.1903e-01,  3.0279e-01,
       -1.4366e-01, -1.7822e-01,  1.4565e-01,  1.9770e-01,  1.5902e-01,
       -4.2066e-01, -7.7203e-01, -9.7382e-02, -3.8531e-01, -4.5130e-01,
        3.8854e-01,  8.4620e-01,  3.4569e-01, -1.0909e-01,  4.7407e-01,
       -1.0350e+00,  5.7495e-03,  1.8566e-01, -2.3583e-01, -4.4803e-01,
        3.7370e-01, -2.9933e-01, -1.6645e-01,  2.9181e-01,  5.7445e-01,
       -8.0041e-01, -2.7185e-01, -6.6688e-01, -3.1316e-03, -2.3185e-01,
        7.7567e-01,  4.7631e-01,  6.5236e-01, -5.1636e-01, -7.1343e-01,
       -6.7810e-01, -1.3867e-02,  1.4754e-01,  1.5478e+00, -9.5303e-02,
        1.8616e-01,  3.3526e-01, -1.6165e-01, -4.6568e-01,  2.6211e-01,
        7.0436e-01, -1.2801e-01, -9.8383e-02,  9.1032e-01, -3.5086e-01,
        1.4306e-01,  1.0280e-01,  2.8655e-01, -4.3925e-02,  6.5406e-02,
       -2.6499e-01,  6.3120e-02,  1.8710e-01,  5.2404e-01, -6.6194e-01,
       -1.2863e-01,  5.5382e-02, -3.9671e-02,  8.3602e-01, -8.8382e-02,
       -4.2600e-01,  1.5437e-02, -7.5195e-01, -1.4869e-01,  1.0076e-01],
      dtype=float32)]"
Mount,Mount,blue,"[array([-1.3335e-02,  3.7669e-03, -2.6132e-01,  2.1939e-02,  7.2187e-01,
       -6.6499e-01, -4.3776e-01,  3.5326e-01, -5.4329e-01,  3.2252e-01,
       -4.5789e-02, -2.1448e-01,  1.7291e-01,  9.0167e-03, -6.9591e-01,
       -3.3241e-01,  3.3674e-03,  2.5337e+00, -5.0554e-01,  8.0919e-01,
       -3.0198e-01, -2.7379e-01,  7.4346e-01, -3.6191e-01,  5.3946e-02,
        3.0744e-01, -5.1983e-01, -1.6899e-01, -6.8023e-01,  6.7470e-01,
       -7.1903e-01,  3.7993e-01,  6.6245e-02,  4.8916e-02, -1.1420e-01,
       -1.6536e-01, -7.3507e-02, -2.5986e-01,  5.2479e-01, -1.3145e-01,
       -3.8555e-01,  1.8739e-01, -2.7713e-02,  9.9743e-02,  4.3074e-01,
       -1.3142e-01, -2.3547e-01, -7.5241e-02, -8.9145e-02, -5.0336e-01,
        1.5894e-01, -1.8251e-01, -1.2615e-01,  4.4792e-01,  1.4530e-01,
       -1.1972e-01, -7.7151e-03, -6.2728e-01, -4.4767e-01,  4.4541e-01,
       -2.7720e-01,  3.9618e-01, -2.5144e-01,  3.2061e-01,  3.6887e-01,
       -8.1506e-01, -4.3627e-01, -5.5208e-01,  2.5434e-01,  1.8554e-01,
        9.8558e-02, -3.1661e-01, -1.6935e-01,  7.7694e-01,  1.2170e-02,
        1.0018e-01, -1.2040e+00, -2.7676e-01, -1.1347e-01,  1.9696e-01,
       -1.0805e+00, -1.7607e-01,  2.6671e-01,  1.5932e-01, -6.9174e-01,
        6.3301e-01,  9.5093e-01,  4.0322e-01,  3.3293e-01, -9.6275e-02,
        9.8815e-02, -1.1175e+00, -1.6341e-01, -1.3840e-01,  4.4601e-01,
       -2.1162e-01,  4.1097e-02, -3.2747e-01,  2.3668e-01,  3.1367e-01,
        4.6102e-02, -5.3668e-01,  6.9892e-02, -1.3403e-01,  2.1508e-02,
       -1.0678e+00, -1.2919e-01, -5.9270e-02,  3.2844e-01, -2.2213e-01,
       -2.0749e-01, -1.1984e-01,  1.0451e+00, -4.0844e-01, -1.9020e-01,
       -3.1947e-01,  6.7910e-01,  1.9599e-01,  1.8817e-02,  8.3913e-01,
       -2.4564e-01, -4.6060e-01,  4.8604e-01, -3.1555e-01, -3.7253e-01,
       -2.3621e-01, -5.4373e-02,  3.6852e-02, -1.4017e-01,  1.6837e-01,
       -1.8079e-01,  5.6234e-01, -2.3151e-02, -1.7777e-01,  7.2395e-02,
       -7.7675e-02, -8.7604e-02,  9.9420e-02, -6.6129e-01, -5.2331e-01,
       -1.3861e+00,  1.3187e-01,  7.1921e-02, -1.8679e-01,  2.1852e-01,
        5.4466e-02,  1.8399e-01,  1.8154e-02, -6.1866e-02, -3.8095e-01,
       -9.9646e-02, -1.7821e-01, -1.9383e-01,  3.0980e-02, -2.0634e-02,
       -6.9541e-02, -2.7795e-01,  2.9514e-01,  1.2961e-01,  2.1232e-01,
        5.5810e-01,  5.8247e-01,  4.5733e-02,  1.5545e-02,  2.6708e-01,
       -1.2204e-01, -1.4296e-01, -8.7376e-03,  2.8163e-01, -4.2819e-02,
       -2.2376e-01, -7.8850e-02, -3.4241e-02,  6.1077e-01,  2.5441e-01,
        2.7241e-01,  3.2307e-01, -5.5078e-01,  5.1753e-02,  4.1470e-01,
       -2.8311e-02,  1.4816e-02,  2.6443e-01, -4.8992e-02, -5.5113e-01,
       -4.8592e-01, -4.9373e-02,  2.2191e-01, -3.5984e-01,  7.4411e-02,
       -5.0775e-01, -1.6448e-01,  1.8944e-01,  8.3369e-01, -4.3779e-01,
       -2.7352e-02, -7.3135e-01, -7.0144e-01,  2.8030e-01,  2.0531e-02,
       -2.3295e-01, -7.6421e-02,  3.2090e-01,  1.8700e-01, -2.3159e-01,
       -4.1408e-01, -1.6936e-01, -7.9170e-01, -3.8374e-02,  6.1284e-02,
        5.9291e-02,  2.6784e-01, -6.3849e-01,  9.8813e-02,  2.3805e-01,
       -3.4421e-02, -8.3083e-01,  2.7522e-02, -1.1427e-01, -1.2684e-01,
        7.8253e-02, -2.0004e-01, -1.5245e-01,  2.4677e-01, -2.4794e-01,
        3.1526e-01, -4.3213e-01,  1.0233e-01, -2.7631e-01,  5.7718e-01,
        2.0879e-01, -5.8444e-04,  3.9068e-01, -2.0311e-02,  2.2184e-01,
       -1.6324e-01, -1.7197e-01,  2.2401e-01,  2.3031e-01,  2.6208e-01,
       -2.2298e-01,  6.7365e-01,  2.9399e-01,  4.9519e-02, -1.1807e-01,
       -2.1004e-01, -8.1707e-02,  3.5407e-02, -1.5392e-02,  2.4108e-01,
        4.3329e-01, -6.6626e-02,  3.4312e-02, -3.4438e-01, -3.5476e-01,
        6.8360e-02, -6.9050e-03,  6.8991e-01, -1.7238e-01,  1.9493e-01,
        3.5178e-02,  2.4856e-01,  6.2839e-01, -4.8957e-01,  1.1738e-01,
       -2.1166e-01,  1.8900e-01,  1.5411e-01, -4.4370e-01,  5.0587e-01,
        1.1153e+00,  6.6497e-01, -1.7321e-01,  8.3350e-02,  4.5955e-01,
        1.0005e+00,  4.3564e-01,  1.9408e-01, -2.5504e-01, -6.5884e-01,
        4.3088e-01,  1.5903e-01,  8.1807e-02,  8.7713e-01, -4.2220e-01,
       -5.8404e-01,  1.2907e-02,  2.5516e-01, -1.4430e-01,  1.6877e-01,
       -3.0591e-01,  2.4244e-01, -2.8787e-01,  3.4911e-01, -3.3717e-01,
       -2.4487e-01,  1.9011e-01,  1.9184e-01,  1.1974e-01, -1.5696e-01],
      dtype=float32)]"
Seal,Seal,blue,"[array([ 5.5149e-01, -3.1992e-01,  2.3793e-01, -2.0291e-01,  1.7552e-01,
       -8.6683e-01, -5.7712e-01, -1.6961e-01, -2.2915e-01,  1.1085e+00,
        2.1023e-01, -2.8067e-01, -2.7117e-01, -1.9386e-01, -2.2227e-01,
        3.1619e-01,  1.0491e-02,  1.7655e+00, -1.6968e-01,  2.3984e-01,
        5.1955e-01,  1.6474e-01,  1.0928e-01,  2.1293e-01, -2.4441e-01,
       -1.4737e-01, -4.5871e-01, -2.8459e-01, -5.1306e-01, -1.4427e-01,
        6.3466e-02,  5.7745e-01, -3.0632e-01,  1.5670e-01, -1.8360e-01,
        2.3348e-02,  2.1623e-01,  2.0357e-01,  7.9419e-02, -4.2771e-01,
       -1.7682e-01,  2.8760e-01, -1.7778e-01, -8.4600e-03,  3.6570e-01,
       -4.7748e-01, -2.4733e-01,  4.8980e-01, -3.4084e-01,  1.9222e-01,
        5.6246e-01,  1.5911e-01, -1.5052e-01, -1.6003e-01, -7.5916e-02,
       -3.2054e-01,  2.6251e-01,  4.1924e-01,  2.1954e-01,  2.9469e-01,
        2.0461e-01, -1.2411e-01,  1.2546e-01, -4.9352e-02,  3.2766e-01,
       -5.2201e-01, -1.0355e-01,  6.4042e-02,  2.0653e-01, -1.4289e-01,
       -1.3621e-01, -4.9212e-02, -4.3215e-01, -3.9497e-01, -3.4078e-01,
        3.8942e-01, -2.6511e-01, -2.8080e-01,  3.0878e-01, -9.6364e-01,
        7.4521e-02,  8.1757e-01,  2.4473e-01, -1.7290e-01, -1.3960e-01,
       -3.8438e-01,  7.7550e-01,  8.1589e-01,  5.4310e-01,  6.6056e-01,
        2.8195e-01, -5.6232e-01,  2.5805e-01,  2.1842e-02,  5.4451e-01,
       -1.7012e-01, -1.8707e-01, -8.9897e-01,  4.2417e-01, -5.2227e-01,
       -7.4168e-02, -1.3056e-01,  2.8015e-01,  1.2468e-01, -4.8114e-01,
       -1.2641e+00, -2.6545e-02,  1.1593e-02,  8.1415e-03, -2.4792e-01,
        4.2342e-01,  3.8491e-01, -6.0404e-02, -3.7381e-01,  2.1861e-01,
        4.3168e-01,  2.8934e-01,  3.5040e-01, -4.6137e-01,  4.3703e-01,
        9.5903e-02,  3.6428e-01, -5.5537e-03, -8.3985e-02, -3.1378e-01,
        3.7358e-01, -1.2381e-01, -1.4002e-04, -2.7323e-01, -2.2743e-01,
       -2.3795e-01,  4.6119e-02, -9.8516e-02, -5.2601e-01,  2.8157e-01,
       -1.0763e-01, -3.1679e-01, -3.5676e-01,  3.9046e-02, -4.4793e-01,
       -1.2891e+00,  2.9299e-01,  1.1819e-01,  2.1776e-01,  2.1676e-01,
       -1.7860e-01, -6.2433e-01,  3.0585e-01,  1.8645e-01,  4.9550e-02,
       -6.7056e-01,  1.7645e-01, -2.2816e-01,  1.9518e-01,  3.7068e-01,
        9.0266e-02, -6.3206e-01,  6.3087e-01, -4.5721e-01,  6.9254e-02,
        3.7323e-01,  1.3350e-01,  1.8183e-01,  5.1676e-01,  1.6974e-01,
       -1.7513e-01, -1.3864e-01, -4.6170e-01,  6.9444e-02, -2.7397e-01,
        4.2047e-01, -3.1471e-01, -2.4641e-01,  4.3662e-01, -7.6705e-01,
        3.3002e-02,  3.9677e-01, -2.7055e-01,  1.5500e-01,  1.1565e-04,
       -3.8553e-02, -5.7907e-02, -1.1210e-01, -2.7827e-01, -1.4498e-01,
       -6.5657e-01,  1.6349e-01, -7.5287e-02, -2.6434e-01, -1.5695e-01,
       -8.0632e-02, -2.9605e-01,  1.5030e-02,  2.8643e-01,  6.7590e-01,
        7.8705e-01,  5.4643e-02, -2.5073e-01, -2.3026e-01, -2.0112e-01,
        4.4037e-01,  8.4824e-01, -6.3734e-02, -4.5996e-01,  6.8030e-01,
       -3.6613e-01,  1.5106e-01,  5.2189e-01, -8.4366e-01,  5.8727e-01,
        3.2043e-01,  6.7388e-01, -2.3530e-01, -2.0084e-01,  1.2360e-01,
        4.0514e-01,  1.6687e-01, -1.7180e-02, -3.8865e-01,  4.0606e-01,
       -3.7498e-02,  1.4303e-01,  2.3060e-01, -5.3559e-02,  2.1623e-01,
        1.7085e-01,  2.0820e-01,  2.6865e-01, -2.1201e-01,  4.2678e-01,
        4.9378e-01, -1.9582e-01, -1.6464e-01, -2.4456e-01,  1.7977e-01,
        1.5659e-01,  9.6319e-02,  1.3950e-01, -3.0935e-01, -8.5348e-01,
        4.9008e-01, -2.3320e-01, -1.7197e-01, -4.8152e-02,  2.4680e-01,
       -3.0864e-01, -1.0865e-01,  2.5053e-01,  8.9679e-02, -1.0587e-01,
        2.9757e-02, -2.7232e-01, -3.1912e-01, -5.0035e-01,  1.6428e-01,
        6.8966e-01, -2.6520e-01, -2.5372e-01,  6.8781e-01, -2.5768e-02,
        3.7250e-01, -5.1841e-03,  7.0731e-02, -5.4662e-02,  1.6602e-01,
        8.4214e-01,  1.1141e-01,  5.0509e-04,  2.2310e-01,  5.9437e-02,
        8.3143e-01,  4.1396e-01,  1.1162e-02,  1.1353e+00,  9.1288e-02,
        1.4397e-01, -6.8686e-02,  3.3709e-03, -1.6627e-01, -3.5834e-01,
        1.3084e-01,  4.8236e-01,  2.9077e-01,  7.2656e-02, -1.7296e-01,
       -8.9524e-02, -6.6663e-01,  4.1458e-01, -2.8221e-01, -5.1399e-01,
        1.1242e-01,  1.2841e-01, -3.8703e-01, -1.8107e-01, -1.3251e-01,
        2.2842e-01, -1.0729e-02,  7.0513e-01,  5.9749e-01, -5.0312e-01],
      dtype=float32)]"
Bark,Bark,blue,"[array([-1.1771e-01,  4.2306e-01, -4.1672e-01, -6.4893e-01, -2.4192e-01,
        2.3588e-01,  2.2751e-01,  1.3229e-02, -8.2870e-01,  6.3131e-01,
       -2.9512e-01,  1.4346e-01, -5.0041e-01, -4.0290e-01, -2.0948e-01,
        2.3114e-01,  4.6038e-01,  5.3653e-01,  6.7010e-01, -3.6682e-01,
        6.3459e-01,  3.7273e-01,  3.5527e-01,  2.4471e-01, -4.1834e-01,
       -1.6635e-01,  2.7552e-02,  1.6477e-01,  3.7406e-01, -1.1015e+00,
       -5.1690e-01,  7.6543e-01, -6.3481e-01,  9.6931e-02,  1.6113e-01,
        2.4858e-01,  4.2703e-04,  1.0739e-01, -2.8027e-01, -1.3431e-02,
        3.0836e-01,  1.7034e-01, -2.6859e-01, -6.3792e-01, -4.2685e-03,
       -3.1790e-01, -4.2436e-01, -1.2587e-01,  1.4359e-01, -2.0444e-01,
        4.3360e-01, -1.6678e-02,  7.4274e-03,  2.4230e-01,  3.0369e-02,
        1.1317e-01, -1.6514e-01, -4.6253e-02, -2.3160e-01, -1.4811e-01,
       -3.2909e-02,  9.1624e-01, -1.8692e-01,  4.3142e-01, -2.7809e-02,
        4.6840e-02, -2.3954e-01, -1.0758e-02, -1.1324e-01,  6.6959e-02,
       -4.9620e-01,  3.3476e-01, -1.0512e-01,  3.5468e-01,  3.4992e-01,
        5.5509e-01,  1.6024e-01, -3.1313e-01, -5.5629e-01, -1.0602e+00,
        6.3004e-01,  8.8356e-02, -1.1194e-02, -6.0783e-03, -1.2632e-01,
       -7.7290e-01,  8.8306e-01,  5.8427e-01,  4.7720e-01,  7.7190e-01,
        3.3715e-01,  2.4569e-01,  6.2971e-01,  1.3311e-02, -3.8526e-01,
        1.3186e-01,  2.2904e-01, -2.7064e-01,  7.2238e-03, -7.7659e-01,
        4.3388e-01, -1.2159e-03,  3.2977e-01, -4.4814e-01, -4.7277e-01,
       -1.6017e+00,  2.1937e-01,  9.4345e-01,  3.3985e-01, -8.6203e-02,
       -8.2053e-02, -5.2149e-03,  2.4436e-02, -9.9109e-02,  2.1687e-01,
       -1.0452e-01,  3.1128e-02, -3.5317e-01, -2.4994e-01,  1.8721e-01,
       -4.9954e-01,  4.7190e-02,  2.2270e-01, -1.3317e-01, -4.6072e-01,
       -1.0925e-01,  4.4742e-01,  4.0143e-01, -2.3464e-01, -9.3579e-02,
        2.2414e-02, -3.1474e-01, -2.5604e-01,  8.0255e-01, -4.6985e-01,
       -2.3312e-01, -4.3561e-01,  2.9256e-01,  5.7209e-01, -3.0068e-01,
       -1.7269e+00,  7.4845e-01, -3.3091e-01,  3.8367e-01,  7.9750e-02,
        5.0749e-01, -3.0231e-01,  2.3536e-01,  5.0764e-01, -2.8644e-01,
        1.3215e-01, -2.9325e-01,  7.0810e-02,  4.4997e-01, -2.5484e-01,
        4.5890e-01,  2.2454e-02,  3.7043e-02,  4.3235e-01,  1.5386e-01,
        3.6297e-01, -5.5582e-01, -5.1422e-01,  2.8343e-01, -8.4714e-02,
        3.2277e-01,  7.9233e-02, -3.4401e-01, -5.5430e-01, -4.5403e-01,
        8.0840e-01,  1.8923e-02, -6.1415e-01, -4.6446e-02, -3.2430e-01,
        3.5492e-01,  9.5692e-02, -2.9517e-01,  2.9538e-01,  4.2672e-01,
        3.9430e-02,  1.7588e-01, -8.7954e-02, -1.2309e-01, -1.3088e-01,
       -2.7540e-01, -3.7304e-01,  1.5329e-02,  5.5659e-01,  9.6329e-02,
        2.8856e-01,  7.6232e-02, -8.1803e-01,  5.2608e-02,  1.0394e-01,
        3.9607e-01,  2.1789e-01, -5.2023e-01,  1.0665e-02,  4.0474e-01,
       -9.1851e-01, -2.5509e-01, -6.2978e-02,  2.6849e-01,  3.7009e-01,
        1.5161e-01,  2.7113e-01, -1.1921e-02,  3.4755e-01, -2.4687e-01,
       -1.8892e-01,  6.1137e-01, -3.6272e-01, -2.4185e-02, -2.7614e-01,
       -2.0331e-01,  1.9126e-01,  4.5025e-01,  4.8660e-03, -4.8819e-01,
       -1.6074e-01, -3.0408e-01,  8.4328e-01, -3.4035e-01, -8.3801e-01,
        1.0662e-02, -5.3169e-01,  3.4986e-01,  1.5044e-01,  6.3299e-01,
        8.2836e-01, -5.5561e-01, -3.6018e-01,  2.3742e-01, -3.0433e-01,
       -7.2207e-02,  4.8307e-01, -4.9452e-01,  4.7840e-01, -1.0436e-01,
       -4.6500e-02,  2.4466e-03, -4.5993e-01, -3.8615e-01,  1.4240e-01,
       -1.5262e-01, -4.2369e-01,  1.3280e-01, -1.9777e-01,  1.5830e-01,
        3.3554e-01, -3.0779e-01, -3.3684e-02,  3.3919e-01, -4.3877e-01,
        8.2692e-02,  5.1245e-01, -1.2596e-01,  7.0961e-01, -8.3348e-02,
        6.0790e-01, -4.4573e-01,  5.5703e-01, -8.2247e-02, -2.2703e-01,
        2.8876e-01,  1.1259e-01, -7.7701e-01, -6.4367e-01,  3.3793e-01,
        1.1581e-01,  8.2665e-01,  7.6766e-03, -1.8674e-01, -2.1301e-01,
       -9.6107e-02,  2.6942e-01,  4.2463e-01, -4.8435e-02,  4.7969e-01,
       -2.3676e-01,  6.7134e-01,  1.5950e-01, -1.0909e+00,  1.5216e-02,
        4.4914e-01,  3.7135e-01,  1.8166e-01,  4.9193e-01,  4.7430e-02,
       -4.6280e-01, -5.0793e-01, -4.3535e-01, -4.9944e-01, -3.2496e-01,
        6.7142e-01,  6.0247e-01, -2.4768e-01,  2.1612e-01, -1.1665e-01],
      dtype=float32)]"
Comic,Comic,blue,"[array([-3.2860e-01, -2.7681e-02,  5.9506e-01,  3.0597e-01, -4.5111e-01,
        2.5590e-01,  9.1019e-03,  8.7801e-04, -8.6791e-02,  1.5758e+00,
       -2.6630e-02, -5.3437e-01,  3.0449e-01,  4.1634e-01,  3.2356e-01,
        1.5191e-01,  4.6368e-01,  7.9411e-02, -4.1782e-02, -4.5147e-01,
       -5.3258e-02, -2.8690e-01, -3.9999e-01, -1.9823e-01,  4.5854e-01,
       -2.7514e-02, -5.1062e-02, -9.1054e-02, -6.1553e-01,  3.1519e-01,
       -7.2110e-01, -4.3576e-01, -7.1054e-01,  4.8289e-01, -9.8304e-02,
       -5.9970e-02, -5.3184e-01, -3.3836e-02, -2.6235e-01,  1.1269e-01,
       -1.4154e-01, -1.0065e-01, -1.2492e-01, -5.1131e-01,  1.6025e-01,
        1.3589e-01,  5.3397e-01,  2.1555e-01,  5.3290e-01, -6.9741e-01,
        8.4802e-01, -3.4487e-01,  1.3920e-01, -2.4110e-01, -6.6800e-02,
        4.1958e-01,  2.7883e-01, -7.0247e-01,  1.2887e-01, -3.0179e-01,
       -2.2162e-01, -6.2501e-02,  2.4355e-01,  1.6150e-01,  3.1562e-01,
       -3.1387e-01, -4.5177e-01, -6.0607e-01,  2.5504e-01,  4.5167e-02,
        1.4963e-01, -8.3317e-01, -1.6551e-01, -9.7680e-02,  4.2344e-01,
        3.1216e-01,  7.5915e-02, -6.5947e-01,  5.1451e-01,  9.5670e-01,
        1.4068e-01, -2.8715e-01, -2.3700e-01, -2.2302e-01,  1.0510e-01,
        5.7150e-02, -2.4184e-02, -1.5081e-01,  5.4860e-02, -7.6605e-02,
       -4.8824e-01,  2.9726e-01, -2.5108e-01,  2.0777e-02,  2.5439e-01,
       -9.1872e-01, -1.6008e-01,  4.1445e-01, -2.3100e-02, -4.7134e-01,
       -1.6446e-01, -4.1797e-01, -6.2964e-01, -1.2386e-01,  2.2752e-01,
       -1.0508e-01, -5.0719e-02,  2.0144e-01, -2.5375e-01, -9.9055e-02,
        2.2658e-01,  1.1178e-01,  4.8548e-01, -5.5327e-01, -8.4837e-02,
        1.1802e-01, -2.5368e-01,  4.2561e-01,  9.0382e-02, -2.0337e-01,
        8.5520e-02, -1.6275e-01, -6.2132e-02,  4.0293e-01,  2.2120e-01,
        6.7769e-01,  1.8478e-01,  1.6478e-01, -1.1319e-01,  3.0363e-02,
       -3.4433e-01, -2.8742e-01,  2.3137e-01,  4.7550e-01, -3.3083e-01,
        5.2346e-01, -7.1020e-01, -4.0442e-01,  1.0203e-01,  1.9363e-02,
       -2.8223e+00, -4.8250e-01, -2.0207e-01,  1.4878e-01, -5.9452e-01,
        7.4147e-02,  2.6692e-01, -7.7600e-01,  2.1456e-03, -3.3165e-01,
        3.0703e-01, -5.2456e-02, -2.2845e-01, -4.0519e-01,  3.6194e-02,
       -4.0042e-01, -4.3721e-01, -2.9527e-01, -9.8943e-02, -2.9529e-02,
       -2.5696e-01, -1.3033e-01,  2.9550e-01, -4.0274e-01, -3.9818e-01,
       -3.7484e-01, -2.5560e-01, -4.0369e-01, -9.4551e-02, -1.6823e-01,
       -1.6650e-01,  2.1253e-01, -2.6554e-01, -3.9495e-02, -1.1443e-01,
       -9.6614e-02, -3.5062e-01, -3.1670e-02,  2.3214e-01, -5.0444e-01,
        3.0007e-01,  1.1287e-01,  1.6192e-01, -7.8054e-01,  2.3584e-01,
       -3.5388e-01,  5.2316e-02,  9.0620e-02, -2.5892e-01, -2.5552e-01,
       -7.6754e-01,  4.1461e-01, -1.8484e-01, -1.4513e-01,  2.5507e-01,
       -7.5545e-01, -2.1236e-01,  5.2968e-02,  2.3210e-01,  1.6825e-01,
        1.8983e-01, -4.0563e-01, -2.1342e-01,  1.2415e-01, -1.2638e-01,
        2.5797e-01, -2.3278e-01,  5.2912e-02, -3.5089e-01,  5.8559e-01,
        4.6115e-01, -1.6913e-01, -7.0003e-02,  8.0602e-02, -4.3580e-01,
        5.2625e-01,  7.5503e-01,  1.3631e-01,  4.9754e-01, -1.6698e-01,
       -2.5668e-01, -3.7423e-01,  4.5380e-01, -2.9553e-01,  4.0892e-01,
       -2.0218e-01, -3.4625e-01,  3.2713e-01,  7.2538e-01,  2.0666e-01,
        6.8281e-02,  3.4799e-01, -9.3085e-03, -1.3475e-01, -1.3649e-01,
        4.8279e-01,  9.3886e-03,  3.4659e-01,  1.2281e-01, -3.9066e-02,
        1.2043e-01,  5.4602e-02,  1.0729e-02,  2.1263e-03, -2.4967e-01,
        4.2365e-01, -1.7161e-01,  1.3234e-01,  3.7477e-01, -7.3418e-01,
        3.2509e-03, -7.0971e-01,  4.1996e-01,  7.0618e-01, -1.7681e-01,
       -3.8569e-01,  1.1039e-01,  2.0094e-01, -6.5345e-02, -1.0557e-01,
        1.1334e-02,  5.5855e-01, -4.2450e-01,  3.4174e-01, -1.0024e-01,
       -1.9117e-01, -1.0316e-01,  1.9111e-01,  7.3702e-01, -1.6769e-01,
       -7.2135e-01, -4.2925e-01, -3.9011e-02, -1.2897e-01, -3.1783e-01,
       -1.7598e-01, -7.3291e-01, -7.6884e-01, -1.8382e-01,  4.5017e-01,
        5.3715e-02,  5.0921e-01,  1.0629e-01, -3.2201e-01, -3.9978e-01,
        7.6378e-01,  1.9445e-01, -1.0717e-02, -1.2988e-01,  7.0139e-02,
       -3.8054e-01, -2.4735e-01, -2.0230e-01,  5.7692e-01, -2.3940e-01,
       -5.2454e-01,  5.8663e-01, -7.0580e-01, -7.1418e-02,  3.6792e-02],
      dtype=float32)]"
Capital,Capital,black,"[array([ 3.2789e-01, -2.0737e-01,  2.5799e-01, -2.7452e-01,  2.3513e-01,
       -2.2968e-01, -4.7710e-01,  5.5898e-01, -1.1685e-01,  2.9696e+00,
       -9.3538e-01, -1.8525e-01, -1.6379e-03,  3.4335e-01, -2.7977e-01,
        4.1031e-01, -1.6214e-01,  1.2125e+00,  1.3217e-02,  3.4680e-01,
        4.2395e-01,  4.2041e-01, -4.2682e-01, -2.0642e-01, -3.9742e-01,
       -2.6734e-01, -8.5760e-02,  3.0197e-01, -3.9862e-01,  2.8124e-01,
        4.5942e-01, -2.2685e-01,  3.8693e-02,  2.0723e-01, -7.8896e-02,
        3.3431e-01, -5.2561e-02, -1.5644e-01,  6.0536e-02, -4.4794e-01,
        2.2934e-01, -7.1698e-02,  4.8530e-01, -1.6198e-01,  1.9062e-01,
       -5.2163e-01,  5.1516e-01, -6.4996e-02, -2.1247e-01, -1.3441e-01,
        6.6715e-02,  3.6506e-01, -4.6054e-01,  4.9206e-01,  7.9038e-01,
        6.0694e-02,  2.9616e-01, -3.5734e-01,  2.9803e-01,  2.8164e-01,
       -1.6812e-01, -3.9410e-01, -2.4698e-01,  3.6576e-01,  3.9096e-01,
        1.1735e-01,  4.8105e-01,  4.7090e-01, -2.9320e-01, -2.7766e-01,
        5.8081e-02,  4.4860e-02, -2.8688e-01, -9.9589e-02, -1.2957e-01,
        8.3508e-02, -1.1377e-01,  3.7512e-01, -1.0862e-01, -9.7889e-02,
        2.8904e-01,  3.5596e-01,  4.1430e-01,  4.6056e-01, -2.6792e-01,
        6.7904e-01, -6.0417e-01, -5.8228e-02, -4.2272e-03,  6.4199e-02,
        2.4342e-01,  2.8042e-01,  1.6676e-01, -7.3351e-01,  6.2831e-01,
        1.4498e-01, -3.4220e-01,  4.6965e-01, -2.4547e-02,  4.7030e-01,
        2.5741e-01,  1.2977e-01, -4.4209e-01,  1.0988e-01, -5.0659e-03,
       -1.8385e+00, -1.9002e-01, -2.1725e-01,  7.0165e-02, -3.6120e-02,
       -2.4299e-01, -1.1792e-01, -3.7545e-01,  2.5210e-01, -3.2375e-01,
       -2.3215e-01,  1.0794e-01, -6.0592e-02, -1.0513e-01, -3.6010e-01,
        6.6538e-02,  8.2395e-01,  1.4626e-01, -3.3999e-01, -6.8486e-01,
        1.0339e-01,  6.7251e-02,  3.9218e-01,  6.4094e-02, -4.0672e-01,
        2.0353e-02,  2.5915e-01,  2.0650e-01,  1.1077e-02, -1.0619e-01,
       -8.7137e-01, -2.1170e-01, -1.0716e-01, -5.2731e-01, -1.4150e-01,
        1.0002e-01, -2.0946e-01, -8.8949e-03, -5.6376e-01,  1.0081e-01,
       -2.6964e-01,  5.0648e-01,  3.9214e-01,  5.3808e-01,  1.8602e-01,
        3.8918e-01,  1.5996e-01, -1.7706e-01, -3.0403e-02, -1.0137e-01,
       -4.8621e-01,  1.4482e-01, -3.1180e-01, -1.1219e-01, -2.7939e-01,
        3.4405e-01,  9.7349e-01, -3.8697e-01, -2.5451e-01, -2.3938e-01,
       -7.7369e-02,  5.8366e-01,  1.2611e-01, -2.1677e-01,  4.4076e-01,
        3.0970e-01, -2.4085e-01, -2.5941e-01, -2.5296e-01,  2.1155e-01,
       -3.9219e-01,  4.9487e-01, -4.7149e-02,  7.2665e-01, -6.2531e-01,
        4.3007e-01,  6.1289e-02,  3.6901e-02, -5.6436e-01, -3.7152e-01,
        3.5973e-01, -4.1893e-01, -2.4683e-01, -1.9407e-02, -3.4753e-01,
        1.5498e-01,  2.2903e-01,  2.4598e-01,  1.0933e-01, -1.4070e-01,
       -7.4369e-01,  2.1117e-01,  1.4354e-01,  1.0919e-01,  2.3292e-01,
        1.3031e-02,  1.3876e-01,  1.1900e-01,  6.6093e-01,  2.8374e-01,
       -2.2359e-01,  6.1691e-01, -1.1717e-01, -1.5390e-01,  1.9791e-02,
        1.9721e-01, -4.5763e-03,  3.5384e-01,  5.3231e-01,  7.1958e-01,
       -7.5679e-02,  4.6186e-02,  3.0704e-01,  4.5163e-01,  3.9291e-01,
       -3.5878e-02,  1.7834e-01, -2.3583e-01,  2.4969e-01, -2.6755e-01,
       -4.1226e-01,  6.6054e-02,  6.7414e-01, -4.8193e-03, -3.1150e-01,
        3.0111e-01, -1.0546e-03, -1.2849e-01, -2.7265e-01, -3.1690e-01,
       -5.0766e-02, -2.1122e-01,  5.0597e-02, -3.1823e-02,  1.2778e-01,
       -3.3986e-02, -1.2879e-02,  1.3167e-01,  5.1322e-02,  7.1502e-01,
       -3.1740e-01,  5.3116e-01, -6.4145e-01, -1.8887e-01, -5.0651e-01,
       -1.9290e-01,  3.6361e-01,  3.2366e-01,  1.3876e-01,  3.5782e-02,
        6.5685e-01, -2.5399e-01, -2.9130e-01, -3.0793e-01,  2.1671e-01,
       -1.9881e-01,  3.3233e-01, -2.7548e-01,  7.1028e-01, -1.1772e-01,
       -7.8940e-01, -2.0366e-01, -2.6717e-01,  6.2856e-02, -2.1028e-01,
       -2.7373e-01, -5.9638e-01,  2.7480e-02, -1.6603e-01, -1.1606e-01,
        9.4069e-02,  5.1280e-01, -6.3597e-01,  3.4387e-01,  9.9473e-02,
        2.5207e-01, -1.3833e-01, -1.4042e-01,  2.1752e-01, -4.2086e-01,
        8.1098e-02,  2.3971e-01,  2.3857e-01, -5.9560e-01,  1.4726e-01,
       -6.0508e-01,  5.6011e-01, -2.4826e-01, -4.4290e-01, -3.0496e-01,
       -1.4018e-01, -1.7168e-01, -3.9887e-01, -2.0615e-01, -3.8858e-01],
      dtype=float32)]"
Pitch,Pitch,grey,"[array([ 4.4182e-01,  1.3907e+00, -4.2519e-01,  2.9529e-01, -1.9419e-01,
        9.1629e-02,  7.8451e-01,  4.7435e-01, -3.4038e-01,  1.5952e+00,
        2.0236e-01,  2.9265e-01, -2.1951e-01,  3.6625e-01,  7.8323e-02,
       -2.5269e-02,  5.1509e-02,  8.3707e-01, -5.8143e-01,  8.3405e-02,
       -1.6358e-01, -4.2645e-01,  2.6385e-01,  2.2277e-01,  3.4478e-01,
       -2.6268e-01, -1.9404e-01,  3.7288e-01, -4.7429e-01, -4.7282e-01,
        4.4959e-01, -6.8996e-04, -1.2739e-01, -1.1596e-01,  3.0612e-01,
        4.8849e-01, -1.5352e-01, -1.5512e-01, -2.6028e-02, -3.8617e-01,
        2.7523e-01,  9.6953e-02, -6.3220e-01,  1.9079e-02,  9.3693e-03,
       -2.5930e-01, -4.5784e-01,  2.2603e-01, -1.0464e-01,  2.1198e-01,
        2.9585e-01,  5.5657e-02, -5.8541e-02,  8.4100e-01, -3.9750e-02,
        1.1592e-01, -7.7422e-02,  6.7911e-01, -3.0079e-01, -4.6964e-01,
       -2.8810e-01,  6.0644e-01, -3.8927e-01,  5.9114e-01, -3.0048e-03,
        4.7996e-02, -1.6709e-01, -2.8479e-02, -6.5950e-02,  5.4217e-01,
        2.6586e-01,  3.2681e-01, -2.8263e-02, -2.0144e-01, -7.8543e-01,
       -3.2444e-01,  2.2281e-02, -1.9246e-01,  8.0859e-02, -5.6180e-01,
       -3.9903e-01,  4.4370e-01, -6.5156e-02,  5.0074e-02, -2.5852e-01,
        5.8537e-01,  6.3985e-02,  3.0107e-01,  6.2614e-01,  3.1618e-01,
        1.1804e-01, -3.9621e-01, -3.1592e-01, -1.0834e-01, -1.6527e-01,
       -3.3167e-01,  3.5160e-01, -3.9139e-01,  3.8625e-01,  1.2598e-01,
       -6.4268e-02, -3.4171e-01, -3.0823e-01, -2.5895e-01,  2.1910e-01,
       -1.0480e+00, -3.9369e-02, -2.6606e-02,  3.8188e-01, -8.7838e-02,
        3.3858e-01, -5.2320e-01, -3.2067e-01,  1.3048e-01,  5.9958e-01,
        6.2830e-01,  3.0897e-01, -4.7338e-03, -3.9629e-01,  4.5700e-02,
        4.2301e-01,  7.4835e-02, -2.9023e-01, -3.8122e-02, -2.4349e-01,
       -1.3304e-01, -5.8699e-04,  2.6417e-01, -2.7646e-01, -3.3192e-01,
       -1.3866e-01,  8.9219e-01,  3.3846e-01,  3.1735e-01,  1.4587e-01,
       -4.2177e-01,  2.0273e-01,  4.0253e-01,  3.3368e-01, -2.3486e-01,
       -1.6328e+00,  4.3691e-01, -6.0522e-01,  4.9425e-02,  5.0859e-02,
        4.6284e-01, -1.0439e-01, -2.6513e-01,  2.4517e-01,  1.7127e-01,
       -1.6982e-01, -1.7504e-01,  9.0561e-02,  3.6850e-01,  2.9626e-01,
       -2.8817e-01, -2.2645e-01,  3.6005e-02,  9.8923e-02,  1.3863e-01,
        1.7345e-01, -4.9952e-01,  3.8468e-01, -1.8963e-01,  4.1018e-02,
       -1.3965e-01,  2.4210e-01,  4.2058e-02, -1.5845e-01, -1.2081e-01,
       -2.2140e-01, -3.0253e-01, -2.2418e-02, -4.8466e-01,  1.9074e-01,
        1.2767e-01, -8.1135e-02, -9.6141e-01,  5.4809e-01, -3.7673e-01,
        1.7344e-01, -1.6385e-01,  3.7031e-02, -4.0544e-01,  1.3041e-01,
        1.9490e-01,  1.2961e-01, -1.1971e-01,  2.4273e-01,  5.0156e-01,
        4.9063e-01,  5.5112e-01, -2.9068e-02, -9.8804e-02, -3.5950e-01,
       -3.7400e-01,  6.9719e-02,  2.0993e-01, -5.6513e-03,  2.6360e-01,
        5.1096e-01,  6.2013e-02, -3.0568e-02, -1.7096e-01, -5.0366e-01,
       -5.2270e-01,  1.2284e-01, -3.3140e-01,  7.1440e-02,  2.7364e-01,
       -1.4284e-01, -5.6115e-02,  6.2965e-01, -3.7370e-01,  2.9517e-01,
        6.7848e-01, -8.2506e-02,  2.9975e-01, -3.9508e-01, -4.4174e-02,
        7.2813e-02, -5.1595e-01, -1.0791e-01, -6.0021e-01, -3.2170e-01,
        3.9588e-02, -4.9435e-01, -2.0185e-01,  4.6734e-01,  8.9199e-02,
        9.3016e-01,  6.2588e-02,  1.7351e-02,  1.5591e-01,  4.9085e-01,
       -1.9122e-01, -4.9088e-02, -6.0724e-02, -2.5302e-01,  7.5127e-02,
        3.9913e-01, -1.3777e-01, -1.0791e-02,  3.4448e-01, -3.6310e-01,
        9.5691e-02,  2.3811e-01,  2.0278e-01, -2.7987e-01,  1.4017e-01,
        2.4280e-02, -4.1019e-01, -8.9773e-02, -3.7891e-02,  1.5737e-01,
       -1.2198e-01,  5.8233e-02,  2.8120e-01, -1.4238e-01, -8.0543e-02,
        2.5654e-01, -3.8593e-01,  2.3680e-01, -6.9374e-01,  9.7152e-01,
        4.2954e-01,  2.6503e-01, -2.3310e-02,  8.2033e-01,  1.6145e-01,
       -3.7037e-03,  2.7595e-01,  4.4289e-01,  1.0830e-01, -3.0314e-01,
       -2.7899e-01,  8.5180e-01, -5.1066e-01, -1.7182e-01,  4.6659e-01,
        6.2599e-02,  5.0994e-01, -2.3333e-01,  1.1318e-01, -1.4371e-01,
       -3.6996e-01, -6.9055e-02, -2.6842e-01,  4.8086e-01,  4.4840e-01,
        2.7424e-01, -2.2387e-01,  2.9909e-01,  3.5538e-01, -1.3166e-01,
       -1.2407e-01,  6.6315e-02, -6.8216e-02, -2.1374e-01,  3.6245e-01],
      dtype=float32)]"
Block,Block,grey,"[array([ 4.5349e-01,  4.7019e-01,  3.2933e-01, -2.8320e-01,  2.9387e-02,
        5.5022e-01,  5.1686e-04,  1.7729e-03, -3.8054e-01,  1.7033e+00,
        1.4249e-01, -3.0312e-02,  7.5367e-02, -9.4838e-03, -4.0049e-01,
        3.6531e-01, -5.6235e-02,  2.4149e+00,  3.2862e-02, -4.1309e-01,
       -1.4485e-01,  6.1425e-01,  3.1766e-01,  5.7496e-01,  1.1147e-01,
       -2.8699e-01,  3.6200e-01, -2.8995e-01, -2.5048e-01, -3.0782e-01,
        2.1321e-01,  4.4238e-01, -1.4749e-01,  1.2513e-01,  2.9423e-01,
       -3.1088e-01,  1.4683e-01,  4.1737e-01, -3.7626e-02, -2.2562e-01,
       -3.2122e-01,  1.9212e-01, -3.5683e-01, -5.7545e-02, -1.2486e-01,
       -6.9626e-01,  4.1349e-01, -2.3785e-01, -1.1793e+00, -1.5054e-01,
        1.1650e-01,  1.8035e-01,  2.2096e-01,  2.6801e-01, -4.4328e-03,
       -9.5088e-03, -8.4336e-01,  2.3298e-01, -2.6420e-01,  2.9518e-01,
       -3.6058e-01,  9.6841e-01,  1.0279e-01,  4.2157e-01,  6.6401e-01,
       -4.8267e-01,  4.1061e-01, -1.5019e-01,  4.2654e-01, -6.9284e-02,
        1.9495e-01, -1.6930e-01,  1.6518e-01, -1.2731e-01, -3.6468e-02,
       -4.7410e-01,  1.8459e-02, -1.8413e-01, -3.0987e-01, -4.7063e-01,
       -2.6354e-01,  1.1081e-01, -1.8617e-01, -2.9931e-01,  3.0065e-01,
        9.9919e-01,  1.0474e+00,  7.7265e-02, -8.6011e-02, -1.2019e-01,
        3.3441e-01,  5.3627e-01,  1.5402e-01,  1.6447e-01,  3.0961e-01,
        4.1324e-02, -1.4304e-01,  1.3921e-01,  4.8292e-01, -3.4085e-01,
        3.2892e-01,  8.5865e-02,  1.9047e-01,  2.8640e-01,  1.9772e-01,
       -7.5334e-01,  3.3827e-02,  2.6943e-01,  3.3408e-01,  3.7094e-01,
       -1.6370e-01,  4.9008e-02, -1.7986e-01, -1.6796e-02, -2.8302e-01,
       -1.4683e-01, -4.7842e-01,  7.0992e-01, -4.3284e-01,  5.0220e-02,
       -9.5028e-02, -2.9390e-01,  5.5541e-02, -2.8005e-01,  2.7574e-01,
        3.5370e-01,  2.0465e-01,  1.2804e-01,  1.6152e-01,  1.2388e-01,
       -3.1777e-01,  6.2428e-01,  7.5052e-02,  2.6620e-02,  3.5825e-01,
       -5.7420e-01,  1.9296e-01, -1.1446e-01,  1.0044e-01, -3.2689e-01,
       -7.5430e-01,  9.9651e-02, -4.0753e-01, -2.4953e-01,  1.7448e-03,
        8.7624e-02, -1.4945e-01, -4.8951e-01,  2.6448e-01, -8.2049e-02,
       -3.6660e-01,  2.9457e-01, -2.0462e-01,  2.3296e-01, -2.0575e-01,
       -4.5974e-01, -6.4334e-02,  9.2672e-02, -1.3463e-01, -2.1676e-01,
       -2.2421e-02, -1.2113e-01, -1.4679e-01, -3.7117e-01, -9.4525e-02,
       -3.4458e-01, -4.2256e-02,  1.6427e-01,  4.6804e-01,  6.7473e-02,
        1.1766e-01, -1.9108e-01, -3.0883e-01, -1.7132e-01, -3.2045e-01,
        1.1431e-01, -6.9133e-01,  3.5648e-01, -5.1001e-02, -2.1047e-01,
       -3.2448e-01, -1.7727e-01, -2.3195e-01, -1.8322e-01, -3.0082e-01,
        6.3569e-02, -1.6900e-02, -5.0098e-01,  1.1565e-01,  3.1240e-01,
       -8.1012e-02, -4.6540e-01, -2.2249e-01,  2.5000e-01,  4.0990e-01,
        6.0437e-01, -4.7855e-02, -4.4902e-01, -3.5600e-01, -3.3828e-02,
        1.6058e-01,  3.5416e-02,  4.1644e-01, -1.0508e-01,  4.7381e-01,
        4.4933e-01,  7.8295e-02, -6.2014e-04, -1.1509e-01,  1.7103e-01,
        4.7467e-01,  2.2502e-01, -3.2612e-02,  1.1924e-01,  5.6129e-02,
        2.2831e-02, -4.7814e-01,  1.4350e-01, -1.8261e-01,  1.9029e-01,
       -3.4395e-02,  6.9340e-01,  7.6901e-02,  3.2990e-02,  2.4194e-01,
       -2.3042e-01,  2.3440e-01, -6.6358e-02,  2.5358e-01,  4.9760e-02,
        3.1468e-01,  5.4090e-02,  5.6236e-01,  3.6040e-01, -2.7432e-01,
       -3.2746e-01,  3.5943e-01,  7.5283e-02,  2.2405e-01, -1.6635e-01,
        4.6825e-01,  3.4729e-01,  1.9975e-02,  1.4725e-01, -2.0912e-01,
       -1.6617e-01,  6.0102e-02,  1.8586e-01,  1.7211e-01,  4.8916e-02,
       -3.8814e-01,  2.3525e-01, -6.1604e-02, -3.3468e-02,  2.5598e-01,
        6.6951e-01,  8.8148e-02, -5.3423e-01,  3.0858e-01, -4.4796e-01,
        2.9634e-01, -3.5013e-01,  2.7003e-02, -1.3770e-01,  1.7579e-01,
        2.3680e-01, -3.7904e-01,  2.3986e-02,  9.0092e-02, -1.2176e-01,
       -4.8033e-04, -1.2862e-01, -2.5437e-01, -2.0015e-01,  3.0670e-01,
       -3.4071e-01, -5.3753e-01,  9.2171e-02,  2.7282e-01,  9.0771e-02,
       -1.5692e-02,  1.9034e-01, -1.9660e-01,  2.8159e-01,  7.0218e-02,
        3.7442e-02, -2.4303e-01,  2.9328e-01, -1.0414e-01, -1.3942e-01,
       -3.6861e-02,  5.0440e-02, -6.1998e-02,  9.2062e-01, -3.2282e-01,
       -1.0692e-02, -4.3847e-01, -2.4122e-01, -6.0926e-01,  6.2331e-01],
      dtype=float32)]"
Fan,Fan,grey,"[array([ 4.1971e-01,  1.9973e-01,  2.1319e-01, -1.6255e-01, -8.3878e-02,
       -1.0561e-01,  3.6774e-01, -7.4524e-01, -4.0664e-03,  1.3906e+00,
        1.8143e-01, -2.3520e-02,  8.5252e-02, -1.8097e-01, -1.6699e-01,
       -3.8077e-01, -6.1666e-02,  7.2494e-01, -1.5067e-01,  1.7052e-01,
        1.0581e-01, -3.4520e-01, -1.7762e-03, -3.8334e-01,  1.0296e-01,
        4.3125e-02, -5.8979e-01,  3.7798e-01,  1.2195e-01,  4.2980e-02,
       -1.7366e-01,  4.1550e-02, -3.5298e-01,  2.1322e-01, -9.2581e-04,
       -4.0951e-02, -4.2915e-01, -7.5877e-02, -2.4908e-01, -8.1711e-01,
       -4.5933e-01,  2.7673e-01,  1.8683e-02,  5.3185e-01, -1.3262e-01,
        2.9478e-01, -6.6553e-01,  1.1122e-01, -1.0180e-01,  5.6551e-01,
        1.8813e-01, -3.5157e-01,  3.6971e-01, -2.4928e-01, -8.0554e-01,
       -3.9452e-01,  1.9618e-01, -3.6265e-01,  1.8088e-02,  4.6657e-01,
        1.5275e-01,  3.0524e-01, -2.9547e-01,  1.4808e-01, -1.5910e-01,
       -2.0440e-01, -5.0447e-01,  2.8154e-02,  2.3299e-01,  1.1521e-01,
        2.7149e-01, -3.8729e-01, -4.8082e-01, -3.1016e-01, -3.7029e-01,
        4.0420e-01,  3.6288e-03,  3.8220e-01,  7.5105e-01,  4.0370e-01,
       -4.2039e-01, -4.5793e-01,  6.9937e-02, -2.7551e-01,  3.4959e-01,
       -2.8552e-01, -2.1841e-03,  6.4802e-02,  3.0586e-01,  8.8842e-02,
       -3.5671e-01, -3.3239e-01, -3.2981e-01,  1.2566e-01, -1.6890e-02,
       -5.7929e-01, -5.2067e-02,  2.8232e-01, -1.4206e-02,  3.3865e-02,
       -1.4266e-01, -5.3405e-01, -3.7176e-01, -6.1932e-01,  3.9739e-01,
        5.8469e-02,  3.6447e-02, -6.3972e-01, -2.8569e-01,  6.1788e-02,
        9.9626e-02, -1.0690e-01,  9.4629e-02, -2.4098e-02, -1.1498e-01,
        4.9382e-01, -2.3078e-01, -2.8757e-01,  3.4336e-01,  3.7877e-01,
       -1.3518e-01, -2.4238e-01,  3.2340e-01, -4.5264e-01,  1.3536e-01,
        9.1777e-02, -1.7308e-01,  8.9252e-02, -1.7703e-01,  4.5968e-02,
       -2.5444e-01, -1.1448e-01, -8.6380e-02,  5.4132e-02,  4.1983e-02,
       -4.2682e-01, -4.3258e-01, -2.9063e-01,  1.0152e-01, -1.8983e-01,
       -2.8023e+00, -7.9000e-02,  4.1671e-01,  2.7099e-01, -6.8063e-01,
       -3.1015e-01, -5.5105e-01, -6.7311e-01, -6.2146e-02,  1.1168e-01,
       -1.4613e-01,  6.5057e-01, -9.6424e-03,  2.1561e-01, -4.0602e-01,
       -2.0051e-01,  1.7425e-01, -2.3817e-01,  2.3339e-01, -2.5521e-01,
        1.2512e-01,  5.5884e-01, -6.7196e-02, -4.5668e-01,  2.6714e-01,
       -1.9033e-01,  2.7964e-01, -2.3117e-01, -2.1225e-01, -2.4980e-01,
       -2.2260e-01, -2.3579e-01, -5.3505e-02, -3.8164e-01,  1.1629e-02,
        3.3052e-02,  3.5886e-01,  5.8274e-01, -1.1393e-01, -5.3452e-01,
        3.1419e-01, -1.8475e-01,  5.9472e-02, -9.3920e-01, -6.1962e-01,
       -4.8646e-01, -1.6316e-01, -2.4522e-01,  2.1636e-01, -3.7204e-01,
       -5.5735e-02,  1.1607e-01, -4.1728e-01,  2.7459e-01,  2.1409e-01,
       -4.4047e-01,  1.4019e-01,  1.3653e-01, -1.2859e-01,  1.1958e-01,
        1.2320e-01, -1.8052e-01,  3.3805e-01, -4.5769e-02, -1.3847e-02,
       -1.8947e-01,  8.4790e-02,  1.5359e-01, -5.2133e-01, -3.4224e-01,
       -1.1053e-01,  2.7796e-01, -1.6784e-01, -5.9910e-02, -2.1760e-01,
        1.1120e+00,  1.9077e-01, -1.0865e-01, -4.6221e-01, -3.9372e-02,
       -2.4526e-01,  2.6447e-01, -6.9211e-02,  8.5420e-02,  3.8588e-01,
       -1.9613e-01,  3.8548e-03, -3.4749e-01,  2.8115e-02,  1.0372e-01,
       -2.8916e-01,  2.1214e-01, -1.4883e-01,  2.3247e-01, -1.6954e-01,
       -2.4696e-01,  1.8395e-01, -1.6347e-01, -1.2259e-01,  2.2102e-01,
        3.4858e-01,  1.6937e-01,  2.3244e-01,  1.7173e-01, -1.2278e-01,
        4.7388e-01, -1.3498e-01,  3.2139e-01,  5.2676e-01,  9.1384e-02,
        3.6920e-01, -4.6644e-01,  1.6650e-01,  2.0423e-01, -8.2720e-02,
       -2.6338e-01, -5.2898e-01, -2.4206e-01,  3.9559e-01, -3.8245e-01,
        2.1207e-01,  9.3884e-02,  4.1963e-01,  4.7421e-01, -2.4372e-03,
        4.1530e-01,  4.5465e-01,  3.7976e-01, -1.1761e-01,  5.9821e-01,
        4.4412e-01,  8.9041e-02, -2.7564e-01, -2.8906e-01,  4.6403e-01,
       -2.0258e-02,  6.2247e-02, -9.5821e-02, -4.5067e-01, -9.1020e-02,
       -3.4938e-01, -1.4175e-01,  3.3394e-02,  2.0056e-01, -4.4492e-01,
        2.8438e-01,  3.8049e-01,  1.7680e-01, -9.2185e-02, -1.1157e-01,
       -8.1201e-02,  5.9823e-02, -1.2955e-01, -1.2000e-01,  1.2846e-01,
       -4.0237e-01,  2.6592e-02, -6.0773e-01, -7.9442e-02,  2.2718e-01],
      dtype=float32)]"
Pistol,Pistol,grey,"[array([-0.012506 , -0.15987  , -0.12129  , -0.20036  , -0.034712 ,
       -0.98685  ,  0.17412  , -0.030302 , -0.45352  ,  0.91377  ,
       -0.28638  , -0.21156  ,  0.71609  , -0.10006  , -0.42914  ,
        0.24511  , -0.021263 ,  1.0753   , -0.017077 , -0.20751  ,
        0.75979  , -0.26767  ,  0.51242  , -0.8372   , -0.24132  ,
       -0.25276  , -0.56849  ,  0.16248  , -0.13128  , -0.18063  ,
       -0.20275  ,  0.033557 , -0.31317  ,  0.46147  , -0.10737  ,
       -0.2928   ,  1.1138   ,  0.1099   ,  0.18075  , -0.46742  ,
        0.31687  ,  0.16751  ,  0.078609 , -0.78309  ,  0.50307  ,
        0.54548  ,  0.3705   ,  0.09947  , -0.2768   ,  0.31161  ,
        0.3257   ,  0.39197  , -0.77792  ,  0.24055  , -0.50569  ,
       -0.36302  ,  0.35638  , -0.30443  ,  0.016345 , -0.3986   ,
       -0.32812  , -0.33634  ,  0.58449  ,  0.078133 , -0.059585 ,
       -0.38121  , -0.081814 , -0.25101  , -0.10455  , -0.31514  ,
       -0.24144  , -0.50778  ,  0.070693 ,  0.76086  , -0.078513 ,
        0.12563  ,  0.68267  , -0.77044  , -0.30211  ,  0.70758  ,
       -0.84453  , -0.79434  ,  0.1022   ,  0.11556  ,  0.86608  ,
        0.63361  ,  0.79619  ,  0.14703  ,  0.56805  , -0.033252 ,
        0.21997  ,  0.1038   , -0.088684 , -0.85134  , -0.1174   ,
       -0.29868  ,  0.83912  , -0.061934 , -0.54615  , -0.083398 ,
       -0.43909  ,  0.4324   , -0.062652 ,  0.44497  , -0.43851  ,
       -1.0912   , -0.20862  ,  0.021449 ,  0.07542  , -0.39476  ,
        0.45734  ,  0.26359  , -0.32695  ,  0.1498   , -0.20224  ,
        0.4832   ,  0.50232  , -0.093069 ,  0.038724 , -0.052316 ,
        0.28989  , -0.29131  ,  0.36436  ,  0.30454  , -0.45917  ,
        0.1342   , -0.65885  , -0.52989  , -0.40932  ,  0.14366  ,
        0.28371  ,  0.07259  , -0.042269 ,  0.014113 ,  0.032474 ,
       -0.19408  ,  0.4882   ,  0.24145  ,  0.32059  ,  0.38508  ,
       -1.705    , -0.39538  ,  0.32938  , -0.26595  ,  0.1205   ,
        0.26169  ,  0.19265  , -0.20251  ,  0.397    , -0.037572 ,
       -0.33936  ,  0.32744  ,  0.16219  ,  0.21841  , -0.47421  ,
        0.11471  , -0.39119  ,  0.14709  ,  0.42995  , -0.13318  ,
       -0.22248  , -0.31363  ,  0.50897  ,  0.15282  , -0.067951 ,
       -0.0035096, -0.45621  , -0.25851  ,  0.42618  , -0.40613  ,
        0.20267  , -0.30478  ,  0.013018 ,  0.12158  , -0.41278  ,
       -0.50836  , -0.24355  ,  0.18034  ,  0.042418 ,  0.050233 ,
       -0.11284  ,  0.1218   , -0.46937  ,  0.34309  , -0.24432  ,
       -0.084114 , -0.072249 ,  0.24171  ,  0.46886  ,  0.5942   ,
       -0.011234 ,  0.13991  ,  0.40591  ,  0.36891  ,  0.49205  ,
        0.2419   , -0.86615  , -0.24506  , -0.063062 , -0.58978  ,
        0.047151 ,  0.01316  ,  0.010929 ,  0.45188  , -0.46568  ,
        0.48796  ,  0.28122  ,  0.10372  , -0.57052  , -0.010438 ,
        0.014502 ,  0.36915  , -0.47083  ,  0.22718  ,  0.3912   ,
       -0.068204 , -0.55023  ,  0.75051  , -0.093911 , -0.072795 ,
        0.75219  , -0.30038  ,  0.35711  ,  0.24923  ,  0.26248  ,
       -0.21257  ,  0.54579  ,  0.771    ,  0.15919  ,  0.58243  ,
       -0.40142  ,  0.049014 , -0.090201 , -0.69814  ,  0.13038  ,
        0.2191   , -0.22672  ,  0.2413   ,  0.066789 , -0.17009  ,
       -0.32062  ,  0.19054  ,  0.12801  , -0.32129  ,  0.1567   ,
        0.68399  , -0.14999  , -0.19461  ,  0.20729  ,  0.27191  ,
       -0.02465  , -0.077044 , -0.46215  ,  0.034417 ,  0.098563 ,
        0.34134  ,  0.37543  ,  0.45262  , -0.50743  ,  0.21387  ,
       -0.70092  ,  0.10363  ,  0.086409 , -0.33824  , -0.35884  ,
        1.0769   ,  0.060215 , -0.059892 , -0.82556  , -0.018367 ,
        0.94639  , -0.45598  ,  0.25354  , -0.020816 ,  0.70272  ,
        0.57499  ,  0.39545  , -0.50076  , -0.12427  , -1.0301   ,
       -0.18818  ,  0.20528  , -0.51392  , -0.016517 ,  0.29775  ,
       -0.66506  , -0.0082705,  0.43188  ,  0.10813  ,  0.13117  ,
        0.46395  , -0.47066  , -0.27903  ,  0.22016  ,  0.57235  ,
        0.19377  , -0.57565  , -0.23719  , -0.053004 ,  0.939    ],
      dtype=float32)]"
Center,Center,grey,"[array([ 5.5144e-01,  3.3458e-01,  2.7987e-01,  2.2188e-01,  1.2259e+00,
       -5.4783e-01, -2.6732e-01,  2.4473e-01, -1.9567e-01,  2.5012e+00,
       -3.0382e-01, -6.1758e-01,  1.8958e-01, -3.8608e-02, -2.4201e-01,
        1.5703e-01,  1.1869e-01,  2.1579e+00, -3.3644e-01, -1.5248e-01,
       -6.0966e-02,  1.9962e-02, -2.4332e-01,  2.2565e-01,  2.8348e-01,
       -4.3476e-01, -5.0159e-01,  1.5350e-01, -4.4127e-01, -2.8907e-02,
       -8.6196e-02, -3.9428e-01,  2.4248e-01, -3.7913e-02,  2.8902e-01,
       -6.0571e-02, -3.7963e-01,  3.8526e-06, -2.5502e-01,  2.9518e-02,
        1.3499e-01,  6.4305e-01, -1.9997e-01, -2.8288e-01,  7.4980e-02,
        3.7557e-02, -5.8371e-01, -2.6918e-01, -6.0662e-01, -2.5490e-01,
       -1.8470e-01,  2.5590e-02,  2.9205e-01, -3.6999e-02,  1.3755e-01,
       -4.5038e-01,  1.0876e-01, -6.7524e-02,  3.6478e-03,  5.9718e-02,
        8.5669e-02, -9.4996e-02,  5.0362e-01,  3.0949e-01,  1.7881e-01,
       -1.6710e-01, -6.5592e-02,  1.5812e-01,  1.2249e-01,  4.7313e-01,
       -8.4422e-02, -4.9915e-01, -7.2570e-03, -2.7074e-01, -4.8625e-01,
        9.0905e-02, -4.8699e-01, -2.5916e-02, -1.6833e-01, -1.5210e-01,
       -1.0402e-01,  3.0414e-01,  5.4897e-01,  2.4289e-01, -5.2385e-01,
        4.3059e-01, -1.3276e-01,  5.4843e-01, -1.2977e-01, -2.7892e-01,
        1.5553e-01,  1.1652e-01,  6.8115e-03, -5.7640e-01,  2.8561e-01,
       -2.8238e-01, -1.6365e-01, -3.0213e-01,  1.0348e-01,  1.9055e-01,
       -5.2633e-02, -2.4719e-01,  6.5318e-02, -4.2655e-02, -2.6436e-01,
       -7.6279e-01,  4.4169e-01,  2.2895e-01, -3.9016e-01,  2.8187e-01,
       -4.3046e-01,  2.8527e-01, -1.0852e-01,  2.4431e-01,  6.8445e-01,
        4.4602e-01, -1.4942e-01, -5.3765e-02, -1.3506e-01,  2.6628e-01,
       -9.2038e-03, -1.0451e-01,  2.7121e-01,  9.5669e-02, -2.2170e-01,
       -5.6838e-02,  3.4954e-01,  2.4445e-01,  1.2726e-01, -1.2437e-01,
       -1.1264e-01,  2.7814e-01,  2.9259e-02, -2.9280e-01,  3.2585e-01,
       -2.8777e-01,  1.3152e-01, -2.0409e-01, -3.1013e-01, -3.2917e-01,
       -5.2710e-01,  3.5088e-01, -7.2060e-02,  2.8856e-01, -1.7076e-01,
       -5.1034e-02,  4.0119e-01,  4.4013e-03,  8.9171e-02, -3.7895e-01,
       -1.8435e-01, -3.3219e-01,  5.3122e-01,  2.5419e-01, -3.5001e-01,
        1.8087e-01, -1.0970e-01, -1.2249e-01, -2.1505e-01,  1.6057e-01,
        8.6731e-01,  2.6504e-01, -1.2399e-01, -1.9003e-01,  5.9383e-01,
        4.4781e-01, -3.8272e-01,  3.8865e-01, -2.1313e-02,  2.1940e-01,
        3.3691e-02, -1.6077e-01, -4.0050e-01,  1.9876e-02,  3.5668e-02,
       -1.7008e-02, -2.2674e-01,  3.2653e-01,  9.6516e-02, -3.5812e-01,
       -1.8048e-01,  1.3457e-01, -4.6694e-01, -3.6104e-01,  6.3600e-02,
        3.1950e-01, -1.7597e-01, -1.3729e-01, -3.9393e-01, -2.1981e-02,
       -6.6819e-01, -7.3681e-01,  7.3658e-02,  3.7378e-02, -6.8482e-01,
       -7.7916e-02,  2.0889e-01, -9.8471e-02, -2.2492e-01,  4.2595e-01,
        9.2353e-02, -6.3847e-01, -2.5325e-01, -6.1621e-02,  3.4981e-01,
        3.4330e-01,  4.2590e-01, -2.0808e-01, -2.5054e-01,  2.8509e-02,
       -1.3567e-01, -6.2069e-02,  3.7825e-01, -1.1445e-01,  9.0979e-02,
       -3.0941e-02,  6.5449e-02,  1.9407e-01,  1.7381e-01, -1.3020e-01,
       -2.8985e-01, -2.1162e-01, -2.9468e-01,  1.9554e-01,  9.5086e-02,
       -1.5274e-01,  1.7297e-01,  4.4160e-01, -1.6938e-01,  2.3214e-01,
       -1.2816e-01,  5.0279e-01,  9.4439e-01, -6.9756e-02,  1.4235e-01,
       -1.8459e-01,  1.7292e-02, -1.5899e-01,  3.5272e-01, -2.4160e-01,
        2.2644e-01, -1.5761e-03, -1.4315e-01,  2.8853e-01, -4.3873e-01,
       -1.5125e-01, -6.2392e-01,  1.0889e-01, -2.2907e-01, -5.5139e-01,
        1.7906e-01,  5.9301e-02, -3.1451e-02,  2.7505e-02,  2.1855e-01,
        2.0962e-02, -1.2241e-01, -2.4997e-01, -4.7018e-01, -1.0493e-01,
        2.1270e-01, -6.7206e-01,  2.4116e-01, -4.9642e-01, -4.9475e-01,
       -1.9664e-01, -3.9901e-01, -5.6676e-01, -7.3218e-01, -1.7427e-01,
       -6.8763e-01, -1.1729e-01,  2.5239e-01, -4.1728e-01, -3.4242e-01,
        1.0983e-01,  6.4180e-01, -2.7294e-01, -1.4157e-01, -3.0090e-01,
       -4.9581e-01,  2.4822e-01,  1.5682e-02,  2.5035e-01, -7.8843e-01,
        2.1233e-01, -2.7769e-01,  3.3627e-02,  3.6904e-01, -8.7229e-02,
        7.6842e-01,  3.2070e-01,  2.1922e-01, -2.1963e-01,  3.5305e-02,
       -5.5491e-01, -4.3584e-02,  3.4282e-02, -6.5273e-01,  7.8731e-01],
      dtype=float32)]"
Spot,Spot,grey,"[array([-2.9856e-02,  3.4529e-02, -1.8298e-01,  3.5085e-01,  5.6567e-01,
       -2.6722e-01,  8.4377e-02, -5.2735e-02, -3.1245e-01,  2.2715e+00,
       -1.8925e-01,  3.3736e-02, -1.7298e-01, -1.9623e-01,  2.9263e-02,
       -5.1369e-02,  1.9707e-01,  1.0443e+00,  3.5962e-01,  5.8625e-02,
       -8.6482e-02,  1.0385e-01, -4.1456e-02,  2.1731e-01,  2.7906e-01,
       -7.6676e-04,  1.0129e-01, -5.6777e-02, -2.1537e-01,  2.8651e-02,
        1.7469e-01, -2.5101e-01,  2.8866e-03,  2.3196e-01, -5.0580e-01,
       -1.8543e-02,  1.5935e-01,  4.7417e-03,  1.8395e-01, -5.2674e-01,
       -3.9542e-01,  1.3745e-01, -1.5266e-01, -6.2189e-04,  3.2118e-01,
       -9.0800e-02, -8.9817e-02,  1.2285e-01, -4.3560e-01, -3.1796e-01,
        5.2881e-02,  4.7125e-02,  2.2236e-01,  3.6896e-01,  5.2439e-02,
       -2.4285e-01, -1.8693e-01,  6.5576e-02,  3.9260e-01,  2.8908e-01,
        5.8129e-02,  2.3364e-02,  6.7241e-02,  2.7436e-01, -7.3230e-02,
       -1.7849e-01, -1.4450e-01, -3.2997e-01, -7.1457e-02,  1.4786e-01,
        5.1019e-01,  1.1646e-01, -1.9827e-02,  2.4364e-04, -6.6438e-01,
       -1.9694e-01, -2.2192e-01, -6.7965e-01,  1.7947e-01, -5.0036e-01,
       -1.3219e-01,  2.8942e-01,  3.2367e-01,  4.9736e-02,  6.7694e-02,
        2.4357e-01,  1.1321e-01,  5.2611e-01,  1.8910e-01, -2.4090e-01,
        4.8951e-01,  5.9440e-02,  1.6261e-01,  9.1355e-02,  4.1061e-02,
       -4.4352e-01, -8.1782e-02, -2.0230e-01,  2.6976e-01,  2.0386e-01,
       -2.6293e-01, -1.2828e-01, -9.1809e-02,  1.3113e-01,  4.6391e-01,
       -5.7196e-01,  2.4830e-01, -3.8739e-01, -1.5459e-01,  8.2916e-02,
        3.5342e-01, -3.2461e-01,  1.5171e-01,  3.5522e-01,  1.1601e-01,
        2.1648e-01, -1.6093e-01,  1.4926e-01, -2.0676e-01, -3.8611e-01,
        1.6526e-01, -2.0413e-01, -9.1387e-02, -2.7779e-01, -1.3494e-01,
       -1.5032e-01, -1.8980e-01, -1.1583e-01, -2.4859e-01,  2.1843e-01,
        2.2862e-02, -1.1912e-01,  1.3243e-01,  1.0257e-01, -5.5179e-03,
       -7.4907e-02,  2.5884e-01, -2.8282e-01, -1.3481e-02, -3.2911e-01,
       -1.9678e+00,  2.8169e-01,  2.4235e-01, -1.5518e-01,  1.2696e-01,
        2.0057e-01,  2.4985e-01,  1.5349e-01,  5.8738e-01,  2.1389e-01,
       -1.0888e-01, -2.2419e-01,  3.4502e-02, -6.6056e-01, -2.6993e-01,
        4.4971e-01, -9.4436e-02,  5.5638e-01,  6.6356e-02, -2.3407e-02,
       -2.9553e-01, -2.8552e-01,  3.0794e-01, -2.4948e-01,  3.8614e-01,
       -4.7653e-02, -4.5904e-01,  2.0895e-01,  3.2981e-01,  2.2963e-01,
        5.6422e-02, -3.2475e-01, -4.1375e-01, -5.2568e-01, -1.0961e-01,
        2.2633e-01, -1.6278e-01, -4.2315e-01,  3.6406e-02, -7.6093e-03,
       -7.1965e-02, -4.4503e-02, -1.8444e-01, -9.2676e-02,  2.4298e-01,
       -6.1817e-03, -1.2719e-01,  7.6334e-02,  1.8966e-01, -8.7433e-02,
        6.9271e-02,  9.6137e-02, -1.7284e-01, -6.2080e-02,  2.3364e-01,
        1.0521e-02,  6.2761e-02,  8.8822e-02,  6.8926e-02, -7.2902e-02,
       -2.9852e-01,  4.2204e-02, -3.6101e-01, -9.2479e-03,  4.8303e-02,
       -1.9969e-01,  2.7845e-01, -9.8394e-02, -3.4988e-01,  7.8419e-02,
       -2.0286e-02, -2.6560e-01, -1.2918e-01, -4.2737e-01, -5.1462e-01,
        1.8185e-01,  2.0523e-01, -2.8685e-03,  2.4915e-02,  2.2245e-02,
        1.2030e-01, -1.3292e-01, -7.3603e-02,  4.5351e-03,  8.5151e-02,
       -2.6307e-01, -8.9492e-03, -5.4972e-02, -2.4504e-02,  9.3024e-02,
        3.6598e-01,  1.8410e-01,  6.1188e-01,  1.0537e-01,  7.6969e-02,
       -2.0108e-01,  3.5130e-01,  1.9701e-01, -3.7690e-02, -2.3034e-02,
        2.5932e-01, -1.9399e-01, -3.1269e-01,  3.0912e-01, -1.9820e-01,
        4.4985e-02, -3.3711e-01,  2.3451e-01, -2.5609e-01,  1.5901e-01,
       -1.6647e-01, -4.3444e-01, -4.1341e-01, -5.0424e-02,  9.4665e-02,
        4.7474e-01,  1.2635e-01,  4.2056e-01, -6.7448e-02,  4.6637e-02,
        1.3694e-01,  1.4092e-01, -2.5527e-01, -2.9846e-01,  4.4371e-01,
        4.4745e-02,  6.9441e-02, -1.6963e-01,  1.1157e-01,  3.1902e-01,
       -1.3606e-01,  1.6442e-01, -5.2219e-03, -3.4481e-01, -6.9820e-03,
        1.5718e-01,  1.7301e-01,  3.1174e-01, -1.3474e-01,  6.1254e-01,
       -8.3102e-02, -1.4648e-01, -5.0983e-01,  2.0351e-02, -1.2591e-01,
        4.0922e-03,  8.6200e-02,  2.4959e-01,  1.8533e-01,  2.2527e-01,
       -3.8860e-02, -5.1232e-02, -8.4474e-02, -3.8314e-01,  1.8248e-01,
       -1.5301e-02, -4.1017e-01, -1.8451e-01,  1.1362e-01,  1.7142e-02],
      dtype=float32)]"
Sink,Sink,grey,"[array([ 4.4754e-01, -4.5736e-01,  6.0928e-01, -1.3964e-01,  4.3367e-02,
       -4.3802e-01, -6.9244e-01, -8.5602e-02, -1.5176e-01,  1.0863e+00,
       -8.3241e-02, -3.2144e-01,  4.3426e-01,  2.2908e-01, -4.7789e-01,
       -1.6022e-01,  2.5542e-02,  1.8140e+00, -2.4906e-01,  5.8633e-01,
        1.5443e-03,  2.5309e-01,  6.7008e-01, -2.3209e-01,  2.3641e-01,
       -3.6416e-01,  9.3327e-02,  1.5293e-01, -5.0208e-01, -1.1705e-01,
       -1.1289e-01,  8.0425e-02, -4.1233e-01, -1.1713e-01,  8.1503e-02,
       -5.6623e-01,  4.3407e-02,  1.5832e-01,  4.4654e-01, -4.1128e-01,
       -1.6650e-01, -1.8583e-03,  1.4789e-01,  4.4235e-02,  6.6793e-02,
        5.2811e-02, -1.8082e-01,  1.5749e-01, -2.8425e-01, -8.1327e-02,
        3.2778e-01,  1.3048e-01,  7.4008e-03,  1.4595e-01, -4.1128e-01,
       -3.8023e-01, -4.7417e-01, -2.8815e-01, -1.1818e-01,  5.8513e-01,
        1.8998e-01,  2.7261e-01,  1.8511e-01, -3.3216e-01, -6.2175e-01,
        4.1633e-01, -4.1581e-01, -8.8846e-02,  9.2307e-02,  4.8635e-01,
        5.4867e-01,  3.1246e-01,  2.9642e-01, -5.2736e-01, -5.5004e-02,
        7.5333e-01, -8.7705e-01, -4.7046e-01,  2.9780e-01, -2.9792e-01,
       -1.0259e-01, -5.1392e-02, -2.2277e-01, -6.6873e-01,  3.6416e-02,
        1.8607e-01,  7.1289e-01,  7.8015e-01,  4.9845e-02,  5.2568e-01,
       -4.8881e-02, -2.4664e-01, -9.6797e-02,  2.7272e-01,  1.5892e-02,
       -3.0155e-01, -2.5769e-01,  1.1541e-01,  4.4560e-01, -1.8254e-01,
       -2.1645e-01, -3.3815e-01,  1.0555e-01,  3.2230e-01,  7.9160e-02,
       -1.2602e+00,  5.6152e-02, -1.8352e-01,  4.8591e-01, -4.4577e-02,
       -7.3859e-02, -2.4510e-01,  1.7610e-01,  4.3245e-02,  3.6094e-01,
        2.2744e-01, -2.0412e-01, -1.2489e-01,  8.5429e-01, -1.8985e-01,
       -2.7818e-01, -5.3129e-01,  2.0816e-01, -2.7372e-02, -1.2486e-02,
       -3.3487e-01, -1.6346e-01, -2.7866e-01, -2.3324e-01, -2.0764e-01,
       -4.9545e-01, -1.0852e-01, -1.5886e-01,  6.5163e-01,  1.4172e-01,
        5.7141e-01, -9.8549e-02,  4.0236e-02, -2.7547e-01,  5.3263e-02,
       -1.6240e+00,  5.2406e-01,  8.2091e-02,  8.4538e-02, -4.0791e-01,
        1.9127e-01, -4.8031e-01,  5.0868e-01,  7.0885e-01,  2.8550e-01,
        1.4466e-01, -2.3857e-02, -3.5418e-02,  3.9211e-01,  2.0216e-01,
       -1.7080e-01, -1.5428e-01,  4.6858e-01,  3.0628e-01,  4.4618e-01,
        1.7959e-01,  1.5859e-01, -3.5077e-01,  8.1777e-01,  5.4194e-01,
        7.6366e-02,  7.9614e-01, -1.4883e-01, -1.6389e-01, -2.6659e-01,
       -5.2123e-01, -8.5355e-01, -3.1327e-01, -2.5053e-01,  2.0028e-01,
        2.7684e-01,  2.0804e-01,  3.7681e-01,  1.4777e-01, -5.1009e-01,
       -3.2367e-01, -4.4741e-01, -1.6274e-02,  2.9237e-03,  6.4159e-02,
       -2.0902e-01,  4.3007e-01,  1.4049e-01, -4.6026e-02, -1.2758e-01,
       -1.5538e-01,  1.3143e-01, -1.9317e-01, -1.9662e-01,  8.4855e-02,
        3.3736e-02, -2.5785e-01,  9.3076e-02, -1.9200e-02,  5.5565e-02,
       -2.2245e-01,  7.3424e-01,  1.1713e-01,  1.3995e-01,  1.5000e-01,
       -2.8403e-02, -4.0171e-01,  4.7957e-02,  3.1308e-01, -3.8823e-01,
       -3.6382e-01,  1.4863e-01, -3.6683e-02, -1.5390e-01,  6.3542e-01,
        3.5089e-01,  1.4919e-01,  2.7962e-01, -6.8461e-01, -3.3749e-01,
       -2.3221e-01,  1.9288e-01, -1.4039e-02, -3.3692e-01, -7.3664e-02,
       -6.5918e-01,  1.0825e-02, -4.5401e-01, -3.6297e-01,  2.0612e-01,
        4.7676e-01, -3.3151e-01,  5.1646e-01, -1.7546e-01, -1.8310e-01,
       -1.1299e-02,  6.6173e-01, -1.7908e-02, -9.0127e-02, -4.2613e-01,
        2.3048e-02, -2.7363e-02, -7.2589e-02,  2.8899e-01,  2.5152e-01,
       -4.3849e-01,  3.7345e-02, -6.5824e-01, -4.3293e-01,  7.6260e-01,
        1.2551e-01, -3.6659e-01,  2.6869e-02, -6.4165e-01,  4.6728e-01,
       -1.5051e-01, -1.1560e-01,  4.1171e-02, -2.5425e-02,  2.0534e-01,
        1.5828e-02,  6.7014e-01,  4.7217e-01, -1.9749e-01,  4.6842e-01,
       -7.4819e-02, -8.5639e-02,  3.3621e-01, -6.5576e-01,  3.8977e-01,
        5.8274e-01, -6.5096e-02, -3.8867e-02,  6.8122e-02, -2.1258e-02,
       -4.4817e-01,  7.1177e-02,  4.3329e-02,  4.1679e-01, -3.0518e-01,
        7.0417e-01,  3.0995e-01, -2.5447e-01,  9.6789e-03,  2.6602e-01,
       -3.2000e-01,  4.7347e-01, -1.0688e-01, -2.6902e-02,  2.3207e-01,
        1.8814e-01,  5.6456e-02, -1.4392e-02,  3.2662e-01, -1.8139e-01,
        1.7884e-01, -2.8579e-01, -4.4403e-01, -2.9257e-01, -4.2351e-01],
      dtype=float32)]"
